ts,weather_temp,weather_humidity,weather_rain,weather_pressure,weather_wind_speed,weather_radiation,soil_temperature_0-7cm,soil_temperature_7-18cm,ec,ph,soil_moisture,irrigation_duration_minutes,month,day,hour,day_period,quarter,target_point_24h,target_mean_24h,water_vol_to_24h,water_vol_past_4h,real_moisture_delta
2025-02-14 13:10:00,15.824166666666668,70.0,0.0758333333333333,1009.6066666666666,14.875833333333333,354.6166666666667,14.369166666666668,11.1725,292.6666666666667,28.393846153846155,93.0,0,2,14,13,1,1,63.1625,91.58513338281276,74.8,0.0,-29.8375
2025-02-14 13:20:00,15.840833333333332,70.0,0.0591666666666666,1009.4733333333334,14.859166666666669,352.28333333333336,14.485833333333336,11.2225,259.44444444444446,28.037692307692307,82.0,0,2,14,13,1,1,63.325,91.37792852170165,82.5,0.0,-18.674999999999997
2025-02-14 23:50:00,11.381666666666666,94.0,0.0,1008.8183333333332,14.945833333333336,0.0,10.809166666666666,11.9,132.0,5.6,62.0,0,2,14,23,3,1,76.0,91.24824102170165,92.4,0.0,14.0
2025-02-15 00:00:00,11.4,94.0,0.0,1008.7925,14.8325,0.0,10.8,11.8925,-32256.0,6.739999999999999,78.375,0,2,15,0,3,1,84.0,91.34546324392387,92.4,0.0,5.625
2025-02-15 14:10:00,14.885833333333332,73.725,1.6683333333333334,1006.0725,23.807499999999997,264.825,13.955000000000002,11.9,5888.0,74.0375,52.0,0,2,15,14,1,1,85.25,91.38452574392387,92.4,0.0,33.25
2025-02-15 14:20:00,14.669166666666666,74.225,1.301666666666667,1006.1225,24.1575,223.325,13.855,11.9,5637.739130434783,71.075,52.17391304347826,0,2,15,14,1,1,86.5,91.61542852170165,92.4,0.0,34.32608695652174
2025-02-15 18:00:00,12.5325,83.225,0.0,1005.9075,16.505,33.3,12.855,12.2,132.0,5.9,56.0,0,2,15,18,2,1,83.0,91.85380412556638,92.4,0.0,27.0
2025-02-15 21:00:00,11.2775,88.15,0.0675,1005.9,15.255,0.0,11.585,12.1,122.0,5.5,56.0,0,2,15,21,3,1,82.4,92.04130412556638,92.4,0.0,26.400000000000006
2025-02-15 21:10:00,11.2275,88.48333333333333,0.2175,1005.9,15.155,0.0,11.551666666666666,12.1,125.0,14.4375,68.5,0,2,15,21,3,1,81.8,92.22463745889972,92.4,0.0,13.299999999999997
2025-02-15 21:20:00,11.1775,88.81666666666666,0.3675,1005.9,15.055,0.0,11.518333333333334,12.1,128.0,23.375,81.0,0,2,15,21,3,1,74.0,92.31699857001082,92.4,0.0,-7.0
2025-02-15 22:40:00,11.074166666666668,90.74166666666666,0.6775,1005.8258333333332,15.8125,0.0,11.251666666666669,12.1,102.0,75.10933333333334,69.0,0,2,15,22,3,1,79.0,92.26838745889971,92.4,0.0,10.0
2025-02-16 11:00:00,12.4525,85.7,0.0075,1008.415,13.8475,42.35,11.5525,11.6,-10752.0,7.199999999999999,72.1219512195122,0,2,16,11,0,1,80.25,92.33783190334415,101.2,0.0,8.128048780487802
2025-02-16 11:10:00,12.569166666666666,85.03333333333333,0.0241666666666666,1008.4483333333334,13.730833333333331,45.35,11.669166666666666,11.6,-10240.0,8.299999999999999,88.2439024390244,0,2,16,11,0,1,81.5,92.39427668654199,112.2,0.0,-6.743902439024396
2025-02-16 23:40:00,9.125833333333333,93.74166666666666,0.0,1009.7516666666668,8.419166666666666,0.0,10.177499999999998,12.125833333333333,143.0,5.8,87.0,0,2,16,23,3,1,78.0,92.34744403071542,123.2,0.0,-9.0
2025-02-16 23:50:00,9.109166666666669,93.90833333333332,0.0,1009.7183333333336,8.535833333333333,0.0,10.1275,12.109166666666669,31488.0,6.1546875,91.921875,0,2,16,23,3,1,63.0,92.28494403071542,123.2,0.0,-28.921875
2025-02-17 00:00:00,9.085,94.075,0.0,1009.7,8.5325,0.0,10.0775,12.085,31232.0,6.509375,96.84375,0,2,17,0,3,1,66.2,92.08409767654877,123.2,0.0,-30.643749999999997
2025-02-17 22:40:00,9.148333333333332,82.25833333333334,0.0,1014.3225,8.048333333333334,0.0,9.677499999999998,11.751666666666669,162.0,6.2,90.0,0,2,17,22,3,1,69.4,91.87129385710432,123.2,0.0,-20.599999999999994
2025-02-17 22:50:00,9.181666666666668,82.09166666666667,0.0,1014.3725,8.081666666666667,0.0,9.6275,11.718333333333332,-31052.0,6.914285714285715,99.95238095238095,0,2,17,22,3,1,79.0,91.72823830154876,123.2,0.0,-20.95238095238095
2025-02-17 23:00:00,9.177499999999998,82.0,0.0,1014.415,8.129999999999999,0.0,9.57,11.6925,-31142.0,7.628571428571429,100.0,0,2,17,23,3,1,79.0,91.58273565604613,123.2,0.0,-21.0
2025-02-19 13:50:00,11.781666666666668,59.0,0.0,1021.8,15.845000000000002,395.91666666666663,12.326666666666666,10.090833333333332,182.0,6.5,91.0,0,2,19,13,1,1,86.0,91.4369023227128,123.2,0.0,-5.0
2025-02-19 17:00:00,10.01,62.3,0.0,1022.215,14.165,174.375,12.124999999999998,10.8,176.0,6.2,89.0,0,2,19,17,2,1,86.4,91.40218010049057,123.2,0.0,-2.5999999999999943
2025-02-19 17:10:00,9.81,62.96666666666666,0.0,1022.2483333333332,13.198333333333332,155.20833333333331,11.958333333333332,10.8,-13312.0,6.711363636363637,96.13636363636364,0,2,19,17,2,1,86.8,91.384124544935,123.2,0.0,-9.336363636363643
2025-02-19 17:20:00,9.61,63.63333333333334,0.0,1022.2816666666664,12.231666666666666,136.04166666666669,11.791666666666666,10.8,-14156.0,7.222727272727273,100.0,0,2,19,17,2,1,87.0,91.31928868634915,123.2,0.0,-13.0
2025-02-20 14:30:00,11.1125,58.15,0.0,1024.7575000000002,12.3725,262.7,11.545,8.9875,196.0,6.5,90.0,0,2,20,14,1,1,86.5,91.22901090857138,123.2,0.0,-3.5
2025-02-21 08:30:00,6.220000000000001,82.7,0.0,1026.3449999999998,10.1625,24.575,5.8875,8.1425,112.0,76.75463917525774,100.0,0,2,21,8,0,1,86.0,91.20470535301583,123.2,0.0,-14.0
2025-02-21 08:40:00,6.486666666666667,82.03333333333333,0.0,1026.445,10.4125,31.40833333333333,5.970833333333333,8.125833333333333,114.70833333333333,76.50927835051546,100.0,0,2,21,8,0,1,84.0,91.1074831307936,123.2,0.0,-16.0
2025-02-23 08:50:00,6.698333333333333,88.275,0.0,1027.0541666666666,3.861666666666666,9.175,5.599166666666667,7.8,177.0,5.6,93.0,0,2,23,8,0,1,83.5,90.9963720196825,123.2,0.0,-9.5
2025-02-23 09:00:00,7.222500000000001,87.175,0.0,1027.0849999999998,4.0325,19.225,5.8275,7.8,17408.0,5.98974358974359,98.33333333333333,0,2,23,9,0,1,72.0,90.93039979746027,123.2,0.0,-26.33333333333333
2025-02-23 09:10:00,7.939166666666667,85.34166666666667,0.0,1027.0516666666667,3.8824999999999994,39.725,6.110833333333334,7.8,18688.0,6.379487179487179,100.0,0,2,23,9,0,1,78.5,90.74752942708989,130.9,0.0,-21.5
2025-02-24 08:20:00,8.749166666666667,88.775,0.0,1026.0041666666666,3.6858333333333335,1.225,8.445,9.8,164.0,5.6,96.0,0,2,24,8,0,1,85.0,90.59822387153434,141.9,0.0,-11.0
2025-02-25 03:10:00,10.051666666666666,96.0,0.5791666666666666,1021.355,4.6275,0.0,10.475833333333334,11.1,151.0,75.33953488372093,100.0,0,2,25,3,3,1,84.9375,90.52183498264544,152.9,0.0,-15.0625
2025-02-25 03:20:00,10.018333333333334,96.0,0.4958333333333333,1021.255,4.577500000000001,0.0,10.459166666666668,11.1,151.8235294117647,73.67906976744186,100.0,0,2,25,3,3,1,85.0,90.417234288201,154.0,0.0,-15.0
2025-02-25 10:10:00,12.7625,82.825,0.0,1020.5,4.755833333333333,224.625,11.2625,10.724166666666664,197.0,5.6,91.0,0,2,25,10,0,1,85.0,90.31306762153434,154.0,0.0,-6.0
2025-02-25 10:20:00,13.0125,81.325,0.0,1020.5,5.139166666666666,247.125,11.5125,10.740833333333333,-14848.0,5.853333333333333,94.47777777777777,0,2,25,10,0,1,100.0,90.27140095486767,154.0,0.0,5.522222222222226
2025-02-25 10:30:00,13.2625,79.825,0.0,1020.5,5.5225,269.625,11.7625,10.7575,-13312.0,6.1066666666666665,97.95555555555555,0,2,25,10,0,1,98.0,90.30974972029976,154.0,0.0,0.04444444444445139
2025-02-27 13:50:00,14.253333333333334,80.91666666666666,0.1274999999999999,1009.3641666666666,8.699166666666667,144.25833333333335,13.671666666666669,12.2,271.0,5.5,89.0,0,2,27,13,1,1,97.57142857142857,90.31005836227509,154.0,0.0,8.57142857142857
2025-02-27 14:00:00,14.28,79.85,0.1,1009.39,8.867500000000001,145.225,13.785,12.215,-1176.0,6.614634146341463,100.0,0,2,27,14,1,1,92.0,90.36958217179888,154.0,0.0,-8.0
2025-02-28 00:20:00,10.8,93.59166666666668,0.4141666666666667,1014.2816666666664,11.118333333333334,0.0,11.418333333333331,12.4,192.0,5.3,88.0,0,2,28,0,3,1,76.5,90.31402661624332,154.0,0.0,-11.5
2025-02-28 02:50:00,10.509166666666667,85.36666666666666,0.0,1014.8725,7.921666666666667,0.0,11.1,12.109166666666669,188.0,5.3,89.0,0,2,28,2,3,1,90.0,90.23416550513222,154.0,0.0,1.0
2025-02-28 03:00:00,10.395,85.225,0.0,1014.8925,7.3575,0.0,11.0475,12.085,-31744.0,5.995454545454545,97.26315789473684,0,2,28,3,3,1,89.73333333333333,90.24110994957667,154.0,0.0,-7.529824561403501
2025-02-28 03:10:00,10.161666666666669,85.725,0.0,1014.8758333333332,7.0408333333333335,0.0,10.930833333333334,12.051666666666666,-32000.0,6.6909090909090905,100.0,0,2,28,3,3,1,89.46666666666667,90.18881950123358,154.0,0.0,-10.533333333333331
2025-03-01 05:00:00,8.629999999999999,91.925,0.0,1016.6075,7.9125,0.0,8.9,11.3925,157.0,5.2,88.0,0,3,1,5,0,1,86.0,90.11567135308545,154.0,0.0,-2.0
2025-03-01 05:20:00,8.763333333333332,91.59166666666668,0.0,1016.6408333333331,8.4125,0.0,8.9,11.359166666666669,23808.0,51.2,100.0,0,3,1,5,0,1,92.0,90.10178246419656,154.0,0.0,-8.0
2025-03-01 11:30:00,15.7725,65.85,0.0425,1018.215,17.9775,297.825,13.175,11.1575,233.0,5.4,91.0,0,3,1,11,0,1,95.0,90.046226908641,161.70000000000002,0.0,4.0
2025-03-01 11:40:00,15.8225,65.51666666666667,0.0258333333333333,1018.2483333333332,18.26083333333333,289.65833333333336,13.341666666666663,11.174166666666666,239.0,5.4,90.66666666666667,0,3,1,11,0,1,94.57142857142857,90.07400468641877,172.70000000000002,0.0,3.904761904761898
2025-03-01 11:50:00,15.8725,65.18333333333334,0.0091666666666666,1018.2816666666664,18.544166666666666,281.4916666666667,13.508333333333333,11.190833333333334,246.0,5.5,90.33333333333333,0,3,1,11,0,1,94.14285714285714,90.10112108853517,183.70000000000002,0.0,3.80952380952381
2025-03-01 17:40:00,14.732499999999998,70.70833333333334,0.0,1017.6741666666668,12.588333333333336,8.783333333333335,14.580833333333334,12.374166666666667,243.0,5.6,83.0,5,3,1,17,2,1,90.0,90.1275761149902,184.8,5.5,7.0
2025-03-01 17:50:00,14.5825,71.54166666666666,0.0,1017.6908333333334,11.821666666666667,3.1166666666666676,14.464166666666667,12.390833333333331,191.0,5.4,95.0,10,3,1,17,2,1,100.0,90.17618722610132,179.3,16.5,5.0
2025-03-01 18:00:00,14.4325,72.375,0.0,1017.7225,11.2275,0.0,14.34,12.415,190.45205479452054,5.4,94.95833333333333,1,3,1,18,2,1,100.0,90.21090944832355,177.1,17.6,5.041666666666671
2025-03-01 18:10:00,14.2825,73.20833333333334,0.0,1017.7725,10.844166666666666,0.0,14.206666666666669,12.448333333333334,189.9041095890411,5.4,94.91666666666667,0,3,1,18,2,1,100.0,90.24592102239761,184.8,17.6,5.083333333333329
2025-03-02 06:00:00,10.8775,93.0,0.0,1017.915,8.692499999999999,0.0,10.9775,12.085,151.0,5.3,100.0,0,3,2,6,0,1,89.0,90.28122194832355,184.8,17.6,-11.0
2025-03-02 06:10:00,10.8275,93.0,0.0,1017.9483333333334,8.675833333333333,0.0,10.927499999999998,12.051666666666666,151.825,5.3,99.0,8,3,2,6,0,1,100.0,90.20483305943465,184.8,26.4,1.0
2025-03-02 06:20:00,10.7775,93.0,0.0,1017.9816666666668,8.659166666666666,0.0,10.8775,12.018333333333334,152.65,5.2,98.8695652173913,8,3,2,6,0,1,97.5,90.21177750387909,176.0,35.2,-1.3695652173912976
2025-03-02 12:40:00,14.155,78.0,0.8158333333333333,1019.0258333333334,10.515833333333331,77.85833333333333,14.048333333333332,12.074166666666668,184.0,5.5,93.0,0,3,2,12,1,1,94.0,90.20226663431387,167.20000000000002,35.2,1.0
2025-03-02 12:50:00,14.055,78.0,0.9991666666666668,1019.0091666666668,10.699166666666668,65.69166666666668,14.081666666666669,12.090833333333332,199.0,5.4,97.0,0,3,2,12,1,1,93.75,90.20921107875832,167.20000000000002,35.2,-3.25
2025-03-02 13:00:00,14.044999999999998,78.0,1.025,1018.9325,10.3725,58.775,14.115,12.114999999999998,198.53846153846155,5.5,96.25,0,3,2,13,1,1,88.0,90.18664163431387,167.20000000000002,35.2,-8.25
2025-03-02 13:10:00,14.145,78.0,0.8583333333333334,1018.7825,9.4225,58.275,14.148333333333332,12.148333333333332,198.07692307692307,5.4,95.5,0,3,2,13,1,1,91.0,90.12934996764722,167.20000000000002,35.2,-4.5
2025-03-02 17:10:00,13.403333333333332,82.48333333333333,0.0758333333333333,1018.0,5.014166666666666,20.308333333333337,14.003333333333334,12.724166666666664,187.0,5.3,91.0,0,3,2,17,2,1,100.0,90.09809996764722,177.10000000000002,35.2,9.0
2025-03-03 11:10:00,12.420833333333334,55.03333333333334,0.0,1019.6,20.445,427.275,11.841666666666663,11.2,175.0,5.2,93.0,0,3,3,11,0,1,100.0,90.16059996764722,188.10000000000002,35.2,7.0
2025-03-03 11:20:00,12.504166666666666,54.36666666666666,0.0,1019.6,20.545,446.775,12.008333333333333,11.2,186.0,3.0,98.0,0,3,3,11,0,1,94.25,90.20921107875832,198.00000000000003,35.2,-3.75
2025-03-03 11:30:00,12.5875,53.7,0.0,1019.6,20.645,466.275,12.175,11.2,185.4390243902439,4.1499999999999995,97.25,0,3,3,11,0,1,92.0,90.18316941209166,198.00000000000003,35.2,-5.25
2025-03-03 11:40:00,12.670833333333334,53.03333333333334,0.0,1019.6,20.744999999999997,485.775,12.341666666666663,11.2,184.8780487804878,5.3,96.5,0,3,3,11,0,1,91.5,90.14671107875832,198.00000000000003,35.2,-5.0
2025-03-03 18:10:00,11.034166666666668,58.725,0.0,1018.6966666666668,20.455,71.21666666666667,12.258333333333333,11.9,163.0,5.2,89.0,0,3,3,18,2,1,91.0,90.1119888565361,198.00000000000003,35.2,2.0
2025-03-04 06:00:00,8.177499999999998,76.0,0.0,1018.8225,9.677499999999998,0.0,7.984999999999999,10.6925,127.0,5.2,96.0,0,3,4,6,0,1,86.0,90.12587774542499,198.00000000000003,35.2,-10.0
2025-03-04 08:50:00,10.68,73.275,0.0,1019.9541666666668,10.099166666666664,88.84166666666667,8.5175,10.218333333333332,188.0,5.2,95.0,0,3,4,8,0,1,77.0,90.05643330098054,198.00000000000003,35.2,-18.0
2025-03-04 20:30:00,9.1425,74.3,0.0,1020.13,9.59,0.0,10.1975,11.6425,189.0,4.9,84.0,0,3,4,20,2,1,97.0,89.93143330098054,198.00000000000003,35.2,13.0
2025-03-05 03:40:00,8.425833333333333,86.48333333333333,0.0,1021.1516666666666,10.248333333333331,0.0,7.574166666666666,10.651666666666667,160.0,4.9,89.0,0,3,5,3,3,1,96.2,90.02171107875832,202.4,35.2,7.200000000000003
2025-03-06 03:30:00,7.970000000000001,95.575,0.0,1023.87,7.87,0.0,8.9275,11.4425,145.0,5.1,78.0,0,3,6,3,3,1,95.4,90.07171107875831,213.4,35.2,17.400000000000006
2025-03-06 03:40:00,7.903333333333333,95.74166666666666,0.0,1023.8033333333332,7.803333333333333,0.0,8.877500000000001,11.425833333333332,145.66666666666666,5.1,79.33333333333333,0,3,6,3,3,1,90.0,90.19254441209165,215.60000000000002,35.2,10.666666666666671
2025-03-06 06:00:00,7.67,98.0,0.0,1023.2,8.07,0.0,8.285,11.085,155.0,4.8,98.0,0,3,6,6,0,1,100.0,90.26661848616571,215.60000000000002,35.2,2.0
2025-03-06 06:20:00,7.536666666666667,98.0,0.0,1023.2,7.936666666666666,0.0,8.218333333333334,11.018333333333334,163.72727272727272,5.4,100.0,0,3,6,6,0,1,100.0,90.2805073750546,215.60000000000002,29.700000000000003,0.0
2025-03-06 06:30:00,7.470000000000001,98.0,0.0,1023.2,7.87,0.0,8.184999999999999,10.985,165.45454545454547,5.3,100.0,0,3,6,6,0,1,100.0,90.2805073750546,215.60000000000002,18.700000000000003,0.0
2025-03-06 10:10:00,14.235,88.06666666666666,0.0,1024.2483333333334,2.5858333333333334,303.0083333333333,11.583333333333332,10.648333333333332,219.0,5.3,100.0,0,3,6,10,0,1,100.0,90.2805073750546,215.60000000000002,17.6,0.0
2025-03-06 10:20:00,14.535,86.73333333333333,0.0,1024.2816666666663,2.369166666666666,327.84166666666664,11.916666666666666,10.681666666666668,229.0,5.1,100.0,0,3,6,10,0,1,91.0,90.2805073750546,215.60000000000002,17.6,-9.0
2025-03-06 10:30:00,14.835,85.4,0.0,1024.315,2.1525,352.675,12.25,10.715,237.0,5.2,100.0,0,3,6,10,0,1,94.66666666666667,90.2180073750546,215.60000000000002,17.6,-5.333333333333329
2025-03-06 10:50:00,15.435,82.73333333333333,0.0,1024.381666666667,1.7191666666666667,402.34166666666664,12.916666666666666,10.781666666666668,256.0,5.2,85.8,0,3,6,10,0,1,98.33333333333333,90.18097033801757,224.40000000000003,8.8,12.533333333333331
2025-03-06 11:00:00,15.705000000000002,81.325,0.0,1024.4,1.6450000000000002,423.95,13.25,10.815,268.0,5.1,89.6,0,3,6,11,0,1,100.0,90.26800737505461,235.40000000000003,0.0,10.400000000000006
2025-03-06 11:30:00,16.405,76.825,0.0,1024.4,1.9450000000000005,476.95,14.25,10.915,288.0,5.0,100.0,0,3,6,11,0,1,99.0,90.34022959727683,246.40000000000003,0.0,-1.0
2025-03-06 11:40:00,16.638333333333332,75.325,0.0,1024.4,2.0450000000000004,494.6166666666667,14.583333333333334,10.948333333333334,296.0,5.0,100.0,0,3,6,11,0,1,96.0,90.33328515283239,246.40000000000003,0.0,-4.0
2025-03-06 11:50:00,16.871666666666666,73.825,0.0,1024.4,2.1450000000000005,512.2833333333333,14.916666666666666,10.981666666666666,306.0,5.0,99.0,0,3,6,11,0,1,95.78571428571429,90.3055073750546,246.40000000000003,0.0,-3.214285714285708
2025-03-06 12:00:00,17.075,72.175,0.0,1024.3775,2.335,526.2,15.205000000000002,11.03,313.0,5.0,98.0,0,3,6,12,1,1,95.57142857142857,90.28318594648319,246.40000000000003,0.0,-2.4285714285714306
2025-03-06 12:10:00,17.241666666666667,70.34166666666667,0.0,1024.3275,2.635,535.5333333333333,15.438333333333333,11.096666666666668,320.0,5.0,97.0,0,3,6,12,1,1,90.0,90.2663208671181,246.40000000000003,0.0,-7.0
2025-03-06 12:20:00,17.408333333333335,68.50833333333334,0.0,1024.2775,2.935,544.8666666666667,15.671666666666669,11.163333333333334,328.0,5.0,96.0,0,3,6,12,1,1,94.0,90.21770975600698,246.40000000000003,0.0,-2.0
2025-03-06 12:30:00,17.575,66.675,0.0,1024.2275,3.2350000000000003,554.2,15.905,11.23,327.2758620689655,5.0,95.0,0,3,6,12,1,1,100.0,90.2038208671181,246.40000000000003,0.0,5.0
2025-03-06 12:40:00,17.741666666666667,64.84166666666667,0.0,1024.1775,3.535,563.5333333333333,16.138333333333332,11.296666666666669,326.55172413793105,5.1,94.57142857142857,0,3,6,12,1,1,100.0,90.23854308934033,256.3,0.0,5.428571428571431
2025-03-07 06:00:00,3.2225,98.075,0.0,1019.685,4.2775,0.0,7.284999999999999,11.185,177.0,5.0,89.0,0,3,7,6,0,1,98.5,90.27624150203873,256.3,0.0,9.5
2025-03-07 06:10:00,3.2725,98.24166666666666,0.0,1019.6516666666666,4.2275,0.0,7.251666666666667,11.151666666666667,178.76470588235293,5.4,100.0,0,3,7,6,0,1,97.0,90.34221372426094,256.3,0.0,-3.0
2025-03-07 06:20:00,3.3225,98.40833333333332,0.0,1019.6183333333336,4.1775,0.0,7.218333333333334,11.118333333333334,180.52941176470588,5.2,100.0,0,3,7,6,0,1,96.5,90.32138039092762,256.3,0.0,-3.5
2025-03-07 10:00:00,11.7175,94.175,0.0,1019.0925,3.4075,148.15,10.065,10.6,248.0,5.1,99.0,0,3,7,10,0,1,96.0,90.29707483537206,256.3,0.0,-3.0
2025-03-07 10:10:00,12.200833333333334,92.34166666666668,0.0,1019.0758333333332,3.424166666666667,168.48333333333332,10.431666666666668,10.6,256.0,5.1,98.25,0,3,7,10,0,1,94.0,90.27624150203873,256.3,0.0,-4.25
2025-03-07 10:20:00,12.684166666666666,90.50833333333334,0.0,1019.0591666666668,3.440833333333333,188.81666666666663,10.798333333333334,10.6,263.0,5.0,97.5,0,3,7,10,0,1,93.57142857142857,90.24672761314984,256.3,0.0,-3.9285714285714306
2025-03-07 10:40:00,13.650833333333331,86.84166666666667,0.0,1019.0258333333334,3.474166666666666,229.48333333333335,11.531666666666666,10.6,280.0,5.0,96.0,0,3,7,10,0,1,93.14285714285714,90.2194458671181,256.3,0.0,-2.857142857142861
2025-03-07 10:50:00,14.134166666666667,85.00833333333334,0.0,1019.0091666666668,3.4908333333333332,249.81666666666663,11.898333333333332,10.6,286.0,5.0,95.57142857142857,0,3,7,10,0,1,82.0,90.19960459727683,256.3,0.0,-13.57142857142857
2025-03-07 11:00:00,14.565,82.95,0.0,1018.97,3.56,277.575,12.25,10.614999999999998,294.0,5.2,95.14285714285714,0,3,7,11,0,1,56.69444444444444,90.1053585655308,256.3,0.0,-38.448412698412696
2025-03-07 11:50:00,16.398333333333333,71.28333333333333,0.0,1018.6366666666668,4.226666666666667,461.7416666666666,13.916666666666666,10.781666666666668,328.0,5.1,93.0,0,3,7,11,0,1,57.388888888888886,89.8383556995696,256.3,0.0,-35.611111111111114
2025-03-07 12:00:00,16.705000000000002,69.1,0.0,1018.555,4.375,488.0,14.2275,10.822500000000002,334.0,5.1,92.5,0,3,7,12,1,1,59.0,89.59105631685355,256.3,0.0,-33.5
2025-03-07 12:10:00,16.938333333333336,67.1,0.0,1018.4550000000002,4.541666666666666,501.3333333333333,14.510833333333332,10.8725,341.0,5.1,92.0,0,3,7,12,1,1,61.083333333333336,89.35841742796467,256.3,0.0,-30.916666666666664
2025-03-07 12:50:00,17.871666666666666,59.1,0.0,1018.055,5.208333333333333,554.6666666666667,15.644166666666669,11.0725,352.0769230769231,5.1,90.0,0,3,7,12,1,1,84.0,89.14371835389059,256.3,0.0,-6.0
2025-03-08 05:50:00,9.781666666666668,92.09166666666668,0.0,1012.3816666666664,6.438333333333334,0.0,9.690833333333334,11.918333333333331,179.0,5.0,86.0,0,3,8,5,0,1,89.0,89.10205168722392,256.3,0.0,3.0
2025-03-08 06:00:00,9.8,92.075,0.0,1012.4075,6.0875,0.0,9.7075,11.8925,232.0,5.0,92.0,0,3,8,6,0,1,97.0,89.12288502055725,256.3,0.0,5.0
2025-03-08 06:10:00,9.8,92.24166666666666,0.0,1012.4241666666668,5.8375,0.0,9.724166666666664,11.875833333333334,230.34782608695653,5.3,100.0,0,3,8,6,0,1,94.0,89.15760724277948,256.3,0.0,-6.0
2025-03-08 06:20:00,9.8,92.40833333333332,0.0,1012.4408333333332,5.5875,0.0,9.740833333333333,11.859166666666669,228.69565217391303,5.3,100.0,0,3,8,6,0,1,93.72727272727273,89.1159405761128,256.3,0.0,-6.272727272727266
2025-03-08 09:50:00,14.398333333333332,83.45833333333334,0.0,1012.8,6.655833333333334,127.825,11.9625,11.6,194.0,5.0,97.0,0,3,8,9,0,1,93.45454545454545,89.07237997005221,256.3,0.0,-3.5454545454545467
2025-03-08 10:00:00,14.705000000000002,82.025,0.0,1012.8075,6.5,145.05,12.2125,11.6075,193.90540540540542,5.000675675675676,96.93243243243244,0,3,8,10,0,1,85.0,89.04775875793099,256.3,0.0,-11.932432432432435
2025-03-08 10:10:00,14.938333333333333,79.85833333333333,0.0,1012.8241666666668,6.5,160.71666666666667,12.4625,11.624166666666666,193.8108108108108,5.001351351351351,96.86486486486487,0,3,8,10,0,1,97.0,88.96489464381688,256.3,0.0,0.13513513513512976
2025-03-09 10:30:00,15.007500000000002,65.525,0.0,1011.9575,1.33,372.25,11.9225,11.1575,180.0,5.1,87.0,0,3,9,10,0,1,96.0,88.9658330822553,256.3,0.0,9.0
2025-03-09 10:40:00,15.357500000000002,63.35833333333333,0.0,1011.9741666666666,1.3966666666666667,397.25,12.305833333333334,11.174166666666666,260.0,5.3,98.0,5,3,9,10,0,1,95.0,89.0283330822553,256.3,5.5,-3.0
2025-03-09 10:50:00,15.7075,61.19166666666666,0.0,1011.9908333333332,1.4633333333333334,422.25,12.689166666666669,11.190833333333334,293.0,5.3,93.0,10,3,9,10,0,1,91.0,89.00749974892197,250.8,16.5,-2.0
2025-03-09 11:00:00,16.02,59.55,0.0,1011.9925,1.44,444.25,13.0575,11.215,292.5,5.289285714285714,92.8695652173913,1,3,9,11,0,1,53.57142857142857,88.99361086003309,239.8,17.6,-39.29813664596273
2025-03-09 11:10:00,16.28666666666667,58.55,0.0,1011.9758333333332,1.3066666666666666,462.5833333333333,13.407500000000002,11.248333333333331,292.0,5.2785714285714285,92.73913043478261,0,3,9,11,0,1,54.142857142857146,88.72070713332502,238.7,17.6,-38.59627329192546
2025-03-10 03:10:00,11.248333333333331,96.24166666666666,0.0,1011.3275,11.775833333333336,0.0,11.1,12.775833333333336,171.0,4.9,87.0,0,3,10,3,3,1,64.0,88.45267745768665,238.7,17.6,-23.0
2025-03-10 06:00:00,12.03,95.925,0.0,1010.7,14.25,0.0,11.315,12.585,168.0,4.9,88.0,0,3,10,6,0,1,66.45454545454545,88.29295523546442,238.7,17.6,-21.545454545454547
2025-03-10 06:10:00,12.096666666666668,95.75833333333334,0.0,1010.7,14.583333333333334,0.0,11.348333333333333,12.551666666666666,185.0,5.1,100.0,0,3,10,6,0,1,87.0,88.14333402334321,238.7,17.6,-13.0
2025-03-10 06:20:00,12.163333333333334,95.59166666666668,0.0,1010.7,14.916666666666666,0.0,11.381666666666666,12.518333333333334,186.26315789473685,5.0,100.0,0,3,10,6,0,1,90.0,88.05305624556543,238.7,17.6,-10.0
2025-03-10 06:30:00,12.23,95.425,0.0,1010.7,15.25,0.0,11.415,12.485,187.52631578947367,5.0,100.0,0,3,10,6,0,1,100.0,87.98361180112099,238.7,17.6,0.0
2025-03-10 09:50:00,15.980833333333331,83.73333333333333,0.0908333333333333,1011.1816666666668,25.368333333333332,159.75,13.508333333333333,12.4,226.0,4.9,94.0,0,3,10,9,0,1,99.0,87.98361180112099,238.7,17.6,5.0
2025-03-10 10:00:00,16.1825,82.25,0.0925,1011.2225,26.0125,172.35,13.675,12.415,232.2,4.9,93.76923076923077,0,3,10,10,0,1,91.0,88.01833402334321,238.7,17.6,-2.7692307692307736
2025-03-10 10:10:00,16.365833333333335,80.58333333333334,0.0758333333333333,1011.2725,26.2625,182.01666666666668,13.841666666666663,12.448333333333334,238.4,4.9,93.53846153846153,0,3,10,10,0,1,100.0,87.99910325411244,238.7,17.6,6.461538461538467
2025-03-10 14:00:00,18.0,70.0,0.0,1010.4925,28.9125,159.65,16.715,13.107499999999998,312.0,5.0,87.57142857142857,0,3,10,14,1,1,100.0,88.04397504898424,238.7,17.6,12.42857142857143
2025-03-11 05:50:00,14.6,90.09166666666668,0.0,1006.7641666666666,23.3625,0.0,13.618333333333334,13.809166666666666,184.0,5.1,85.0,0,3,11,5,0,1,98.0,88.13028457279376,238.7,17.6,13.0
2025-03-11 06:00:00,14.607499999999998,89.85,0.0,1006.685,23.695,0.0,13.6,13.8,247.0,4.9,89.0,0,3,11,6,0,1,95.0,88.22056235057154,238.7,17.6,6.0
2025-03-11 06:10:00,14.624166666666667,89.51666666666667,0.0,1006.6516666666666,24.128333333333337,0.0,13.6,13.8,246.2051282051282,5.0,98.0,0,3,11,6,0,1,92.0,88.26222901723821,238.7,17.6,-6.0
2025-03-11 06:20:00,14.640833333333331,89.18333333333334,0.0,1006.6183333333336,24.561666666666667,0.0,13.6,13.8,245.4102564102564,5.0,97.8125,0,3,11,6,0,1,97.5,88.22056235057154,238.7,17.6,-0.3125
2025-03-11 12:40:00,18.419166666666666,73.03333333333333,0.2291666666666666,1006.8808333333334,25.8425,183.50833333333333,16.719166666666663,14.048333333333332,294.0,5.0,89.0,0,3,11,12,1,1,100.0,88.21839221168266,238.7,17.6,11.0
2025-03-11 12:50:00,18.535833333333336,72.36666666666666,0.1458333333333333,1006.7641666666666,25.4925,188.34166666666667,16.835833333333333,14.081666666666669,269.0,5.1,96.0,0,3,11,12,1,1,100.0,88.29478110057154,238.7,17.6,4.0
2025-03-11 13:00:00,18.660000000000004,71.925,0.0925,1006.64,25.315,203.9,16.967499999999998,14.107499999999998,240.0,5.1,95.96078431372548,0,3,11,13,1,1,99.0,88.32255887834931,238.7,17.6,3.0392156862745168
2025-03-11 13:10:00,18.793333333333333,71.75833333333334,0.0758333333333333,1006.5066666666668,25.348333333333336,232.56666666666663,17.1175,14.124166666666667,239.2871287128713,5.1,95.92156862745098,0,3,11,13,1,1,93.0,88.34366454283733,238.7,17.6,-2.9215686274509807
2025-03-12 05:50:00,13.9,100.0,0.0,1004.0,9.954166666666667,0.0,14.318333333333332,14.609166666666669,168.0,4.7,92.0,0,3,12,5,0,1,100.0,88.32337587181337,238.7,17.6,8.0
2025-03-12 06:00:00,13.892500000000002,99.85,0.0,1004.03,9.94,0.0,14.285,14.6,168.675,4.8,98.5,10,3,12,6,0,1,100.0,88.37893142736893,245.3,28.6,1.5
2025-03-12 06:10:00,13.875833333333333,99.51666666666668,0.0,1004.0966666666668,9.806666666666668,0.0,14.251666666666669,14.6,169.35,4.8,100.0,10,3,12,6,0,1,100.0,88.3893480940356,245.3,39.6,0.0
2025-03-12 12:30:00,19.26,74.55,0.0,1004.0975,10.935,56.35,17.175,14.6575,195.0,4.8,90.0,0,3,12,12,1,1,95.0,88.3893480940356,234.3,34.1,5.0
2025-03-12 12:50:00,19.526666666666667,72.55,0.0,1003.8641666666666,11.535,62.35,17.508333333333333,14.690833333333334,386.0,5.0,97.0,0,3,12,12,1,1,100.0,88.42407031625781,234.3,23.1,3.0
2025-03-12 13:00:00,19.630000000000003,71.625,0.0,1003.7475,11.7675,66.775,17.6525,14.715,382.72222222222223,5.0,96.6,0,3,12,13,1,1,100.0,88.44490364959114,234.3,22.0,3.4000000000000057
2025-03-12 13:10:00,19.696666666666665,70.79166666666666,0.0,1003.6308333333332,11.9175,72.94166666666668,17.76916666666667,14.748333333333331,379.44444444444446,5.0,96.2,0,3,12,13,1,1,98.0,88.46851476070226,234.3,22.0,1.7999999999999972
2025-03-12 15:50:00,18.809166666666663,75.725,0.0,1001.4008333333334,15.235,23.4,18.2275,15.081666666666669,327.0,4.9,90.0,0,3,12,15,1,1,100.0,88.48101476070227,234.3,22.0,10.0
2025-03-13 05:50:00,12.881666666666666,90.64166666666668,0.0,999.5816666666668,13.2975,0.0,13.445833333333336,14.909166666666668,174.0,5.1,90.0,0,3,13,5,0,1,100.0,88.55045920514671,234.3,22.0,10.0
2025-03-13 06:00:00,12.9,89.775,0.0,999.645,13.4425,0.0,13.3775,14.892500000000002,211.0,4.9,95.33333333333333,0,3,13,6,0,1,100.0,88.61990364959115,234.3,22.0,4.666666666666671
2025-03-13 06:10:00,12.9,89.275,0.0,999.745,13.092499999999998,0.0,13.3275,14.875833333333333,211.46478873239437,4.85,100.0,0,3,13,6,0,1,99.33333333333333,88.65231105699856,234.3,22.0,-0.6666666666666714
2025-03-13 06:20:00,12.9,88.775,0.0,999.845,12.7425,0.0,13.2775,14.859166666666669,211.92957746478874,4.8,100.0,0,3,13,6,0,1,100.0,88.64768142736892,244.2,22.0,0.0
2025-03-14 06:30:00,14.4,77.85,0.0,1006.1275,19.3275,0.0,13.142500000000002,14.5425,168.0,5.1,86.0,0,3,14,6,0,1,100.0,88.64768142736892,255.2,22.0,14.0
2025-03-14 06:40:00,14.4,77.51666666666667,0.0,1006.0775,19.2775,0.0,13.125833333333333,14.525833333333331,151.0,5.0,69.0,0,3,14,6,0,1,91.0,88.74490364959115,259.6,22.0,22.0
2025-03-14 06:50:00,14.4,77.18333333333334,0.0,1006.0275,19.2275,0.0,13.109166666666669,14.509166666666667,152.03389830508473,5.0,69.94444444444444,0,3,14,6,0,1,90.25,88.89768142736892,259.6,22.0,20.305555555555557
2025-03-14 07:00:00,14.4375,76.7,0.0,1006.0375,19.215,1.35,13.107499999999998,14.4925,153.0677966101695,5.0,70.88888888888889,0,3,14,7,0,1,89.5,89.03869222983806,259.6,22.0,18.611111111111114
2025-03-14 16:30:00,18.8825,70.875,0.0,1005.8975,26.1225,305.35,18.8275,15.315,212.0,5.0,63.0,0,3,14,16,1,1,88.0,89.16793605699857,259.6,22.0,25.0
2025-03-14 16:40:00,18.7325,71.70833333333334,0.0,1005.7808333333336,25.839166666666664,281.68333333333334,18.7775,15.348333333333334,292.0,5.0,63.1625,7,3,14,16,1,1,87.57142857142857,89.34154716810968,259.6,29.7,24.408928571428568
2025-03-14 16:50:00,18.5825,72.54166666666666,0.0,1005.6641666666668,25.555833333333332,258.01666666666665,18.7275,15.381666666666666,290.2025316455696,5.0,63.325,9,3,14,16,1,1,87.14285714285714,89.51105361652236,251.9,39.6,23.817857142857136
2025-03-15 05:50:00,17.0,70.0,0.0,1005.2725,27.918333333333333,0.0,14.909166666666668,15.3,150.0,5.0,76.0,0,3,15,5,0,1,73.0,89.67645540223664,242.0,39.6,-3.0
2025-03-15 06:00:00,17.0225,69.85,0.0,1005.3225,28.0425,0.0,14.915,15.2925,162.0,4.8,84.0,0,3,15,6,0,1,74.2,89.65562206890331,242.0,39.6,-9.799999999999997
2025-03-15 06:10:00,17.072499999999998,69.51666666666667,0.0,1005.3725,28.359166666666663,0.0,14.948333333333334,15.275833333333331,163.32142857142858,5.2,85.25,0,3,15,6,0,1,75.4,89.58756651334777,251.9,39.6,-9.849999999999994
2025-03-15 06:20:00,17.1225,69.18333333333334,0.0,1005.4225,28.675833333333333,0.0,14.981666666666666,15.259166666666667,164.64285714285714,5.2,86.5,0,3,15,6,0,1,79.0,89.51916373556998,259.6,39.6,-7.5
2025-03-15 10:40:00,20.464166666666667,66.29166666666666,0.0,1006.6741666666668,27.2825,370.775,17.464166666666667,15.274166666666668,199.0,5.2,83.0,0,3,15,10,0,1,88.0,89.46708040223665,259.6,39.6,5.0
2025-03-15 10:50:00,20.680833333333332,65.45833333333334,0.0,1006.6908333333334,28.1325,410.275,17.680833333333332,15.290833333333332,205.0,5.3,82.4,0,3,15,10,0,1,87.8,89.50180262445888,259.6,39.6,5.3999999999999915
2025-03-15 11:00:00,20.8525,64.7,0.0,1006.6775,28.735000000000003,438.3,17.8825,15.3075,208.7,5.1,81.8,0,3,15,11,0,1,87.6,89.53930262445887,259.6,28.6,5.799999999999997
2025-03-15 12:30:00,21.7875,60.425,0.0,1006.1125,30.4575,561.425,19.475,15.515,242.0,5.0,74.0,0,3,15,12,1,1,73.0,89.57958040223666,259.6,17.6,-1.0
2025-03-15 12:40:00,21.870833333333337,60.25833333333334,0.0,1006.0291666666666,30.47416666666667,574.5916666666667,19.641666666666666,15.548333333333332,328.0,5.1,79.0,8,3,15,12,1,1,60.5,89.57263595779222,259.6,26.4,-18.5
2025-03-15 12:50:00,21.954166666666666,60.09166666666666,0.0,1005.9458333333332,30.490833333333335,587.7583333333333,19.80833333333333,15.581666666666669,270.0,5.1,80.25,10,3,15,12,1,1,71.0,89.44416373556999,250.79999999999998,37.4,-9.25
2025-03-15 13:00:00,22.0,60.075,0.0,1005.855,30.4625,593.5,19.945,15.6225,268.8181818181818,5.1,81.5,10,3,15,13,1,1,72.33333333333333,89.37992762445887,250.8,48.4,-9.166666666666671
2025-03-16 03:00:00,15.025,89.925,0.0,1006.9,6.5175,0.0,15.055,16.1925,178.0,4.8,78.0,0,3,16,3,3,1,73.66666666666667,89.31627021705147,250.8,48.4,-4.333333333333329
2025-03-16 03:10:00,14.858333333333334,89.75833333333334,0.0,1006.9,6.3341666666666665,0.0,14.955000000000002,16.175833333333333,159.0,4.8,63.0,0,3,16,3,3,1,73.0,89.28617762445887,250.8,48.4,10.0
2025-03-16 03:20:00,14.691666666666666,89.59166666666667,0.0,1006.9,6.150833333333333,0.0,14.855,16.159166666666668,162.4,4.8,66.2,0,3,16,3,3,1,56.57142857142857,89.35562206890332,250.8,48.4,-9.628571428571433
2025-03-16 03:30:00,14.525,89.425,0.0,1006.9,5.967499999999999,0.0,14.755,16.142500000000002,165.8,4.8,69.4,0,3,16,3,3,1,61.142857142857146,89.28875698953824,250.8,48.4,-8.25714285714286
2025-03-16 04:00:00,14.085,88.925,0.0,1006.9675,5.680000000000001,0.0,14.455000000000002,16.085,176.0,4.8,79.0,0,3,16,4,3,1,81.0,89.23141571969697,250.8,48.4,2.0
2025-03-16 05:50:00,13.264166666666664,88.90833333333333,0.0,1008.4358333333332,9.898333333333332,0.0,13.6275,15.809166666666666,172.0,4.9,79.0,0,3,16,5,0,1,64.0,89.24530460858585,250.8,48.4,-15.0
2025-03-16 06:00:00,13.169999999999998,88.85,0.0,1008.5525,10.205,0.0,13.57,15.785,189.0,5.0,86.0,0,3,16,6,0,1,66.66666666666667,89.1411379419192,250.8,48.4,-19.33333333333333
2025-03-16 06:10:00,13.103333333333332,88.51666666666667,0.0,1008.6691666666668,10.438333333333333,0.0,13.503333333333334,15.751666666666669,191.27272727272728,4.8,86.4,0,3,16,6,0,1,69.33333333333333,89.00687868265993,250.8,48.4,-17.066666666666677
2025-03-16 06:20:00,13.036666666666669,88.18333333333334,0.0,1008.7858333333334,10.671666666666669,0.0,13.436666666666667,15.718333333333334,193.54545454545453,4.9,86.8,0,3,16,6,0,1,68.0,88.88836016414142,250.8,48.4,-18.799999999999997
2025-03-16 10:00:00,16.89,76.875,0.0,1011.0375,8.747499999999999,75.05,15.289999999999996,15.3,247.0,4.9,87.0,0,3,16,10,0,1,78.0,88.75780460858586,250.8,48.4,-9.0
2025-03-16 10:10:00,17.09,74.375,0.0,1011.1208333333334,9.964166666666667,90.71666666666668,15.489999999999998,15.3,251.0,4.8,86.5,0,3,16,10,0,1,77.25,88.69530460858586,250.8,48.4,-9.25
2025-03-16 10:20:00,17.29,71.875,0.0,1011.2041666666668,11.180833333333332,106.38333333333333,15.689999999999998,15.3,259.0,4.9,86.0,0,3,16,10,0,1,76.5,88.63106849747474,250.8,40.7,-9.5
2025-03-16 11:00:00,18.075,62.85,0.0,1011.4925,15.5975,180.225,16.4975,15.3075,277.0810810810811,4.9,84.0,0,3,16,11,0,1,69.0,88.56509627525253,250.8,30.799999999999997,-15.0
2025-03-16 11:10:00,18.241666666666667,62.516666666666666,0.0,1011.4758333333332,15.814166666666669,220.725,16.714166666666664,15.324166666666668,276.1621621621622,4.9,83.5,0,3,16,11,0,1,74.0,88.46092960858586,250.8,30.799999999999997,-9.5
2025-03-16 17:10:00,17.285833333333336,58.45,0.0,1010.9241666666668,19.234166666666667,198.9,19.15833333333333,16.124166666666667,270.0,5.0,72.0,7,3,16,17,2,1,74.72727272727273,88.39495738636363,250.8,38.5,2.7272727272727337
2025-03-16 17:20:00,17.069166666666668,59.45,0.0,1010.9408333333332,19.050833333333333,180.9,18.991666666666667,16.140833333333333,211.0,5.0,78.5,10,3,16,17,2,1,75.45454545454545,88.41389678030302,243.1,49.5,-3.0454545454545467
2025-03-16 17:30:00,16.8525,60.45,0.0,1010.9575,18.8675,162.9,18.825,16.1575,210.05882352941177,5.0,85.0,10,3,16,17,2,1,64.0,88.39274779040403,232.1,60.5,-21.0
2025-03-16 17:40:00,16.635833333333334,61.45,0.0,1010.9741666666666,18.684166666666663,144.9,18.65833333333333,16.174166666666668,209.11764705882354,5.0,84.9375,1,3,16,17,2,1,74.0,88.2469144570707,221.1,61.6,-10.9375
2025-03-17 04:40:00,9.674166666666666,75.25833333333334,0.0,1012.2,13.125,0.0,10.8775,14.751666666666663,147.0,4.7,85.0,0,3,17,4,3,1,72.0,88.17095959595959,226.60000000000002,61.6,-13.0
2025-03-17 06:00:00,9.3625,74.925,0.0,1012.1225,14.7925,0.0,10.5775,14.385,144.0,4.7,85.0,0,3,17,6,0,1,70.0,88.08068181818182,237.60000000000002,61.6,-15.0
2025-03-17 06:10:00,9.279166666666669,74.75833333333334,0.0,1012.1725,14.775833333333331,0.0,10.5275,14.351666666666668,155.0,4.8,100.0,0,3,17,6,0,1,55.0,87.97651515151514,237.60000000000002,61.6,-45.0
2025-03-17 06:20:00,9.195833333333336,74.59166666666667,0.0,1012.2225,14.759166666666667,0.0,10.4775,14.318333333333332,157.0,4.9,98.0,0,3,17,6,0,1,43.0,87.66401515151514,237.60000000000002,52.800000000000004,-55.0
2025-03-17 06:30:00,9.1125,74.425,0.0,1012.2725,14.7425,0.0,10.4275,14.285,159.0,4.8,97.57142857142857,0,3,17,6,0,1,44.375,87.2820707070707,237.60000000000002,41.800000000000004,-53.19642857142857
2025-03-17 09:30:00,11.92,64.975,0.0,1012.915,12.81,241.725,11.8475,13.8425,195.0,4.9,92.0,0,3,17,9,0,1,45.75,86.91265106421356,237.60000000000002,30.800000000000004,-46.25
2025-03-17 09:50:00,12.453333333333331,62.641666666666666,0.0,1012.9816666666668,13.743333333333334,296.05833333333334,12.280833333333334,13.809166666666666,187.0,4.8,76.5,0,3,17,9,0,1,54.0,86.591470508658,237.60000000000002,30.800000000000004,-22.5
2025-03-17 10:00:00,12.705,61.25,0.0075,1012.9925,14.48,321.725,12.505,13.8,198.0,4.8,90.0,0,3,17,10,0,1,61.0,86.435220508658,237.60000000000002,30.800000000000004,-29.0
2025-03-17 10:10:00,12.938333333333333,59.583333333333336,0.0241666666666666,1012.9758333333332,15.546666666666669,345.55833333333334,12.738333333333332,13.8,199.26666666666668,4.8,89.73333333333333,0,3,17,10,0,1,64.0,86.23383161976912,237.60000000000002,30.800000000000004,-25.733333333333334
2025-03-17 10:20:00,13.171666666666669,57.916666666666664,0.0408333333333333,1012.9591666666668,16.613333333333333,369.39166666666665,12.971666666666668,13.8,200.53333333333333,4.8,89.46666666666667,0,3,17,10,0,1,67.0,86.05512791606542,237.60000000000002,30.800000000000004,-22.46666666666667
2025-03-17 12:30:00,14.745,47.85,0.1,1013.0,19.055,408.95,15.26,13.857499999999998,217.0,4.9,86.0,0,3,17,12,1,1,66.0,85.8991093975469,237.60000000000002,30.800000000000004,-20.0
2025-03-17 12:40:00,14.845,47.516666666666666,0.1,1013.0,18.955,413.2833333333333,15.393333333333334,13.874166666666667,352.0,5.0,92.0,7,3,17,12,1,1,65.0,85.76022050865801,237.60000000000002,38.5,-27.0
2025-03-17 12:50:00,14.945,47.18333333333333,0.1,1013.0,18.855,417.6166666666667,15.526666666666666,13.890833333333331,222.0,5.0,95.0,10,3,17,12,1,1,55.0,85.57272050865801,229.9,49.5,-40.0
2025-03-17 13:00:00,15.0075,47.0,0.1,1012.9775,18.8,417.975,15.6375,13.907500000000002,221.33009708737865,5.0,94.57142857142857,10,3,17,13,1,1,59.0,85.29494273088022,222.2,60.5,-35.57142857142857
2025-03-17 13:10:00,15.024166666666668,47.0,0.1,1012.9275,18.8,413.475,15.720833333333337,13.924166666666668,220.6601941747573,5.0,94.14285714285714,1,3,17,13,1,1,56.0,85.04791892135643,222.2,61.6,-38.14285714285714
2025-03-18 06:00:00,7.8,80.0,0.0,1013.9225,8.059999999999999,0.0,9.177499999999998,12.892500000000002,153.0,4.7,90.0,0,3,18,6,0,1,74.0,84.78303796897546,232.1,61.6,-16.0
2025-03-18 06:10:00,7.8,80.0,0.0,1013.9725,8.193333333333333,0.0,9.1275,12.875833333333333,172.0,4.9,100.0,8,3,18,6,0,1,70.0,84.67192685786435,232.1,70.4,-30.0
2025-03-18 06:20:00,7.8,80.0,0.0,1014.0225,8.326666666666666,0.0,9.0775,12.859166666666669,172.8709677419355,5.0,100.0,8,3,18,6,0,1,69.25,84.46359352453102,223.3,79.2,-30.75
2025-03-18 06:30:00,7.8,80.0,0.0,1014.0725,8.46,0.0,9.0275,12.8425,173.74193548387098,5.1,100.0,0,3,18,6,0,1,68.5,84.25005185786435,214.5,79.2,-31.5
2025-03-18 12:40:00,11.4,53.74166666666666,0.1,1017.6966666666664,20.086666666666662,316.7,13.141666666666666,12.4,234.0,5.2,89.0,0,3,18,12,1,1,61.0,84.03130185786435,214.5,79.2,-28.0
2025-03-18 12:50:00,11.4,53.90833333333334,0.1,1017.7633333333332,20.35333333333333,362.7,13.308333333333334,12.4,279.0,5.3,100.0,0,3,18,12,1,1,83.0,83.8368574134199,214.5,71.5,-17.0
2025-03-18 13:00:00,11.4075,53.775,0.0925,1017.7925,20.5975,394.15,13.445,12.415,244.0,4.9,97.5,0,3,18,13,1,1,80.5,83.71880185786435,214.5,60.5,-17.0
2025-03-18 13:10:00,11.424166666666668,53.275,0.0758333333333333,1017.7758333333334,20.814166666666665,407.81666666666666,13.544999999999998,12.448333333333334,243.07142857142858,4.9,94.0,0,3,18,13,1,1,78.0,83.60074630230879,214.5,49.5,-16.0
2025-03-18 13:20:00,11.440833333333334,52.775,0.0591666666666666,1017.7591666666668,21.030833333333337,421.4833333333333,13.645,12.481666666666666,242.14285714285714,5.0,93.75,0,3,18,13,1,1,75.0,83.48963519119769,214.5,48.4,-18.75
2025-03-18 15:20:00,11.773333333333332,43.63333333333333,0.0,1017.4633333333334,24.8,492.4916666666667,14.6,12.740833333333333,231.0,4.9,88.0,0,3,18,15,1,1,78.33333333333333,83.35942685786435,217.8,48.4,-9.666666666666671
2025-03-19 06:00:00,5.0775,75.225,0.0,1023.63,10.2425,0.0,6.57,11.185,161.0,4.9,91.0,9,3,19,6,0,1,81.66666666666667,83.29229722823473,228.8,58.3,-9.333333333333329
2025-03-19 06:10:00,5.0275,75.725,0.0,1023.6966666666668,9.8925,0.0,6.503333333333333,11.151666666666667,162.53846153846155,4.8,100.0,10,3,19,6,0,1,85.0,83.2274824134199,222.2,69.3,-15.0
2025-03-19 06:20:00,4.9775,76.225,0.0,1023.7633333333332,9.5425,0.0,6.436666666666666,11.118333333333334,164.07692307692307,4.8,100.0,9,3,19,6,0,1,64.0,83.12331574675324,211.2,79.2,-36.0
2025-03-19 10:20:00,10.326666666666666,51.59166666666666,0.0,1026.4633333333334,15.155,380.39166666666665,9.953333333333337,10.6,201.0,5.1,94.25,0,3,19,10,0,1,74.0,82.87331574675324,201.29999999999998,79.2,-20.25
2025-03-19 11:20:00,10.963333333333336,51.40833333333334,0.0,1026.8225,15.085833333333335,514.0,11.5125,10.681666666666668,235.0,4.9,92.0,0,3,19,11,0,1,71.5,82.73269074675324,201.29999999999998,79.2,-20.5
2025-03-19 11:30:00,11.03,51.575,0.0,1026.8725,15.2025,534.0,11.7625,10.715,238.57142857142858,5.0,91.5,0,3,19,11,0,1,69.0,82.59032963564214,201.29999999999998,79.2,-22.5
2025-03-19 11:40:00,11.096666666666668,51.74166666666666,0.0,1026.9225,15.319166666666666,554.0,12.0125,10.748333333333331,242.14285714285714,4.8,91.0,0,3,19,11,0,1,56.0,82.43407963564214,201.29999999999998,79.2,-35.0
2025-03-19 12:30:00,11.3725,50.275,0.0,1027.0575,16.592499999999998,618.35,13.09,10.8575,260.0,4.8,86.0,0,3,19,12,1,1,66.0,82.19102408008658,201.29999999999998,79.2,-20.0
2025-03-19 12:40:00,11.4225,49.775,0.0,1027.0741666666663,16.909166666666664,628.0166666666667,13.29,10.874166666666667,235.0,4.8,77.0,0,3,19,12,1,1,63.5,82.05213519119769,201.29999999999998,79.2,-13.5
2025-03-19 12:50:00,11.4725,49.275,0.0,1027.0908333333332,17.225833333333334,637.6833333333333,13.49,10.890833333333331,288.0,5.0,97.0,4,3,19,12,1,1,61.0,81.95838519119769,201.29999999999998,83.6,-36.0
2025-03-19 13:00:00,11.4925,48.775,0.0,1027.0849999999998,17.654999999999998,642.775,13.6525,10.9225,236.0,5.1,96.2,10,3,19,13,1,1,60.921052631578945,81.70838519119769,196.9,86.9,-35.27894736842106
2025-03-19 13:10:00,11.475833333333334,48.275,0.0,1027.0516666666667,18.221666666666668,642.275,13.769166666666669,10.9725,235.01980198019803,5.1,95.4,2,3,19,13,1,1,55.0,81.46339250113921,185.9,78.1,-40.400000000000006
2025-03-20 05:50:00,2.6275000000000004,92.0,0.0,1028.0908333333332,6.381666666666667,0.0,4.6274999999999995,10.1275,137.0,4.6,90.0,0,3,20,5,0,1,66.0,81.18283694558366,183.7,67.1,-24.0
2025-03-20 06:00:00,2.585,91.925,0.0,1028.115,6.385,0.0,4.5775,10.085,154.0,4.7,100.0,0,3,20,6,0,1,63.5,81.01617027891699,183.7,66.0,-36.5
2025-03-20 06:10:00,2.5516666666666667,91.75833333333334,0.0,1028.148333333333,6.3516666666666675,0.0,4.5275,10.051666666666666,132.0,4.8,100.0,0,3,20,6,0,1,61.0,80.76269805669477,183.7,66.0,-39.0
2025-03-20 06:20:00,2.5183333333333335,91.59166666666668,0.0,1028.1816666666666,6.318333333333333,0.0,4.4775,10.018333333333334,132.89473684210526,4.7,100.0,0,3,20,6,0,1,60.851851851851855,80.49186472336143,183.7,57.2,-39.148148148148145
2025-03-20 06:30:00,2.4850000000000003,91.425,0.0,1028.215,6.285,0.0,4.4275,9.985,133.78947368421052,4.7,100.0,0,3,20,6,0,1,54.0,80.22000258344374,183.7,48.400000000000006,-46.0
2025-03-20 12:30:00,14.017500000000002,52.275,0.0,1029.07,3.2825,560.425,14.1775,10.015,166.0,4.8,91.0,0,3,20,12,1,1,44.0,79.9005581389993,183.7,48.400000000000006,-47.0
2025-03-20 12:40:00,14.1675,51.775,0.0,1029.003333333333,3.1325,553.5916666666667,14.460833333333335,10.048333333333334,246.0,5.0,94.66666666666667,8,3,20,12,1,1,44.24390243902439,79.5741692501104,183.7,57.2,-50.42276422764228
2025-03-20 12:50:00,14.3175,51.275,0.0,1028.9366666666667,2.9825,546.7583333333333,14.744166666666668,10.081666666666669,284.0,5.0,98.33333333333333,10,3,20,12,1,1,44.48780487804878,79.22401116519622,174.89999999999998,68.2,-53.84552845528455
2025-03-20 13:00:00,14.4525,50.7,0.0,1028.84,2.9524999999999997,532.8,14.99,10.1225,322.0,5.0,100.0,10,3,20,13,1,1,54.0,78.85008388425676,163.89999999999998,79.2,-46.0
2025-03-20 13:10:00,14.569166666666666,50.03333333333333,0.0,1028.7066666666667,3.069166666666667,510.1333333333333,15.19,10.1725,302.0,5.0,99.0,0,3,20,13,1,1,70.5,78.53063943981232,152.89999999999998,79.2,-28.5
2025-03-20 13:20:00,14.685833333333331,49.36666666666667,0.0,1028.5733333333333,3.1858333333333335,487.4666666666667,15.39,10.2225,298.5,5.0,96.0,0,3,20,13,1,1,68.0,78.33272277314565,152.89999999999998,79.2,-28.0
2025-03-20 13:30:00,14.8025,48.7,0.0,1028.44,3.3025,464.8,15.59,10.2725,295.0,5.0,95.78571428571429,0,3,20,13,1,1,67.5,78.1382783287012,152.89999999999998,79.2,-28.285714285714292
2025-03-20 13:40:00,14.919166666666666,48.03333333333333,0.0,1028.3066666666666,3.419166666666667,442.1333333333333,15.79,10.322500000000002,291.6190476190476,4.9,95.57142857142857,0,3,20,13,1,1,56.0,77.94184975727262,152.89999999999998,69.3,-39.57142857142857
2025-03-20 22:40:00,6.835833333333333,86.70833333333334,0.0,1027.5,1.445,0.0,9.1325,11.9,158.0,5.1,90.0,0,3,20,22,3,1,60.0,77.66704816997104,163.89999999999998,58.3,-30.0
2025-03-21 06:00:00,2.3474999999999997,100.0,0.0,1025.3075,2.13,0.0,5.8775,10.685,131.0,5.0,94.0,0,3,21,6,0,1,59.8,77.45871483663771,174.89999999999998,48.4,-34.2
2025-03-21 06:20:00,2.1141666666666667,100.0,0.0,1025.3408333333332,2.263333333333333,0.0,5.7775,10.618333333333334,139.11764705882354,5.0,100.0,9,3,21,6,0,1,59.6,77.2212148366377,174.89999999999998,58.3,-40.4
2025-03-21 09:20:00,9.56,84.34166666666667,0.0,1025.7408333333333,1.914166666666667,188.80833333333337,8.320833333333333,10.159166666666666,227.0,5.0,100.0,0,3,21,9,0,1,54.0,76.94065928108215,165.0,58.3,-46.0
2025-03-21 09:30:00,10.36,79.175,0.0,1025.7575000000002,1.7975,220.975,8.7375,10.1425,236.0,5.1,98.5,0,3,21,9,0,1,43.0,76.6212148366377,165.0,58.3,-55.5
2025-03-21 09:40:00,11.16,74.00833333333334,0.0,1025.7741666666666,1.6808333333333334,253.14166666666665,9.154166666666669,10.125833333333333,246.0,5.1,97.0,0,3,21,9,0,1,43.18333333333333,76.23579816997103,165.0,58.3,-53.81666666666667
2025-03-21 09:50:00,11.96,68.84166666666667,0.0,1025.7908333333332,1.5641666666666667,285.30833333333334,9.570833333333336,10.109166666666669,257.0,5.1,96.5,0,3,21,9,0,1,43.36666666666667,75.86207131811918,165.0,58.3,-53.13333333333333
2025-03-21 10:00:00,12.52,65.25,0.0,1025.8,1.6125,315.45,9.98,10.114999999999998,261.0,5.1,96.0,0,3,21,10,0,1,54.0,75.4930898366377,165.0,58.3,-42.0
2025-03-21 10:40:00,13.586666666666668,58.583333333333336,0.0,1025.8,2.6125,426.1166666666667,11.58,10.248333333333331,288.0,5.1,94.0,0,3,21,10,0,1,69.0,75.20142316997104,168.3,53.9,-25.0
2025-03-21 10:50:00,13.853333333333332,56.916666666666664,0.0,1025.8,2.8625,453.7833333333333,11.98,10.281666666666668,294.0,5.0,93.57142857142857,0,3,21,10,0,1,67.5,75.02781205885992,179.3,42.9,-26.07142857142857
2025-03-21 11:00:00,14.09,55.625,0.0,1025.7625,3.135,478.3,12.364999999999998,10.315,292.7608695652174,5.0,93.14285714285714,0,3,21,11,0,1,66.0,74.84676047155833,182.60000000000002,40.699999999999996,-27.14285714285714
2025-03-21 18:30:00,12.920000000000002,66.2,0.0,1021.785,9.0325,72.575,15.580000000000002,12.5575,237.0,4.9,82.0,0,3,21,18,2,1,65.42857142857143,74.65826840806626,182.60000000000002,40.699999999999996,-16.57142857142857
2025-03-21 18:50:00,12.12,71.53333333333333,0.0,1021.7183333333336,8.065833333333334,32.90833333333333,15.046666666666669,12.590833333333332,194.33333333333334,5.1,56.69444444444444,0,3,21,18,2,1,55.0,74.54318904298691,182.60000000000002,40.699999999999996,-1.6944444444444429
2025-03-21 19:00:00,11.795,73.375,0.0,1021.7,7.68,20.35,14.7725,12.614999999999998,204.66666666666666,5.0,57.388888888888886,0,3,21,19,2,1,67.0,74.53142206767826,182.60000000000002,40.699999999999996,9.611111111111114
2025-03-22 03:50:00,8.890833333333333,89.90833333333333,0.0,1019.3825,10.89,0.0,8.6,12.009166666666667,132.0,5.0,59.0,0,3,22,3,3,1,64.0,74.59816589483876,182.60000000000002,40.699999999999996,5.0
2025-03-22 04:00:00,8.9,90.15,0.0,1019.2475,11.0375,0.0,8.6,11.9925,134.58333333333334,5.0,61.083333333333336,0,3,22,4,3,1,61.0,74.63288811706099,182.60000000000002,40.699999999999996,-0.0833333333333357
2025-03-22 05:50:00,8.9,92.0,0.0,1018.6908333333334,11.318333333333332,0.0,8.6,11.809166666666666,163.0,5.0,84.0,0,3,22,5,0,1,60.78947368421053,74.63230941335729,182.60000000000002,40.699999999999996,-23.210526315789473
2025-03-22 06:00:00,8.922500000000001,92.0,0.0,1018.685,11.3675,0.0,8.6,11.785,166.0,5.1,89.0,0,3,22,6,0,1,46.0,74.47112520283096,182.60000000000002,31.9,-43.0
2025-03-22 06:10:00,8.9725,92.0,0.0,1018.6516666666666,11.517500000000002,0.0,8.6,11.751666666666669,169.0,5.1,97.0,0,3,22,6,0,1,46.19047619047619,74.17251409171985,182.60000000000002,20.9,-50.80952380952381
2025-03-22 08:40:00,12.9025,77.35833333333333,0.0,1017.8808333333334,16.625,120.93333333333332,10.164166666666668,11.425833333333332,214.0,5.0,94.0,0,3,22,8,0,1,46.38095238095238,73.81967017637594,182.60000000000002,9.9,-47.61904761904762
2025-03-22 08:50:00,13.3525,75.19166666666666,0.0,1017.7641666666666,17.125,142.26666666666668,10.380833333333332,11.409166666666668,219.0,5.0,93.72727272727273,0,3,22,8,0,1,54.0,73.4889823456881,182.60000000000002,9.9,-39.727272727272734
2025-03-22 09:00:00,13.7125,73.175,0.0,1017.7225,17.865,157.525,10.605,11.4075,224.0,4.9,93.45454545454545,0,3,22,9,0,1,64.0,73.21309850730425,182.60000000000002,9.9,-29.454545454545453
2025-03-22 14:00:00,17.380000000000003,54.525,0.0,1016.9625,24.565,329.725,17.3325,12.215,280.0,5.0,85.0,0,3,22,14,1,1,74.0,73.00855305275881,185.9,9.9,-11.0
2025-03-22 14:20:00,16.846666666666668,56.858333333333334,0.0,1016.7958333333332,25.298333333333332,217.3916666666667,17.0325,12.281666666666666,302.0,5.1,97.0,0,3,22,14,1,1,71.0,72.93216416386991,196.9,9.9,-26.0
2025-03-22 14:30:00,16.580000000000002,58.025,0.0,1016.7125,25.665,161.22500000000002,16.8825,12.315,298.5,5.1,96.0,0,3,22,14,1,1,68.0,72.75160860831437,200.20000000000002,9.9,-28.0
2025-03-22 14:40:00,16.313333333333333,59.19166666666666,0.0,1016.6291666666666,26.031666666666663,105.05833333333337,16.732499999999998,12.348333333333333,295.0,5.1,95.0,0,3,22,14,1,1,67.25,72.55716416386991,200.20000000000002,9.9,-27.75
2025-03-22 19:20:00,13.4775,74.0,0.1775,1014.9775,19.759166666666665,1.1833333333333331,14.273333333333335,13.1,197.0,5.2,91.0,0,3,22,19,2,1,66.5,72.36445583053658,200.20000000000002,0.0,-24.5
2025-03-22 19:40:00,13.3775,74.0,0.0774999999999999,1014.8775,19.725833333333338,0.5166666666666667,14.006666666666666,13.1,157.16666666666666,5.1,53.57142857142857,0,3,22,19,2,1,65.0,72.1943169416477,200.20000000000002,0.0,11.42857142857143
2025-03-22 19:50:00,13.3275,74.0,0.0274999999999999,1014.8275,19.70916666666667,0.1833333333333333,13.873333333333337,13.1,157.33333333333334,5.1,54.142857142857146,0,3,22,19,2,1,89.0,72.27368202101277,200.20000000000002,0.0,34.857142857142854
2025-03-23 13:40:00,18.115833333333335,69.03333333333333,0.2966666666666667,1010.8841666666668,39.5275,348.675,16.34166666666667,13.348333333333334,140.0,5.0,64.0,0,3,23,13,1,1,88.0,72.51574551307627,200.20000000000002,0.0,24.0
2025-03-23 13:50:00,18.299166666666665,68.36666666666666,0.3633333333333334,1010.7008333333332,40.4775,390.175,16.508333333333333,13.381666666666666,140.2164948453608,5.0,66.45454545454545,0,3,23,13,1,1,72.0,72.68241217974293,200.20000000000002,0.0,5.545454545454547
2025-03-24 05:50:00,16.1,85.0,0.0,1010.7541666666666,29.02916666666667,0.0,14.890833333333331,14.4,161.0,5.0,87.0,0,3,24,5,0,1,73.75,72.72092228075303,200.20000000000002,0.0,-13.25
2025-03-24 06:00:00,16.0775,85.0,0.0225,1010.8225,28.597500000000004,0.0,14.892500000000002,14.4,167.0,5.1,90.0,0,3,24,6,0,1,75.5,72.62890839186414,200.20000000000002,0.0,-14.5
2025-03-24 06:10:00,16.0275,85.0,0.0725,1010.8725,28.1475,0.0,14.875833333333333,14.4,167.56410256410257,5.1,100.0,0,3,24,6,0,1,67.0,72.5282139474197,200.20000000000002,0.0,-33.0
2025-03-24 06:20:00,15.9775,85.0,0.1225,1010.9225,27.6975,0.0,14.859166666666669,14.4,168.12820512820514,5.1,99.0,0,3,24,6,0,1,76.0,72.29904728075303,200.20000000000002,0.0,-23.0
2025-03-24 12:40:00,18.858333333333334,71.225,0.0741666666666666,1011.2483333333332,34.15,35.00833333333333,17.7225,14.848333333333334,212.0,5.1,91.0,0,3,24,12,1,1,85.0,72.1393250585308,200.20000000000002,0.0,-6.0
2025-03-24 12:50:00,18.69166666666667,71.725,0.0908333333333333,1011.2816666666664,35.15,29.84166666666666,17.7725,14.881666666666666,202.0,5.2,100.0,0,3,24,12,1,1,84.8,72.09765839186414,200.20000000000002,0.0,-15.200000000000003
2025-03-24 13:00:00,18.54,72.375,0.1225,1011.33,35.167500000000004,25.725,17.785,14.9,201.15,5.2,100.0,0,3,24,13,1,1,82.0,71.99210283630859,200.20000000000002,0.0,-18.0
2025-03-24 13:10:00,18.40666666666667,73.20833333333334,0.1725,1011.3966666666668,33.98416666666667,22.89166666666667,17.75166666666667,14.9,200.3,5.2,98.0,0,3,24,13,1,1,64.0,71.86710283630859,200.20000000000002,0.0,-34.0
2025-03-24 16:10:00,16.572499999999998,82.79166666666666,1.4408333333333334,1012.3616666666668,28.371666666666663,7.491666666666667,16.351666666666667,15.1,185.0,5.1,95.0,0,3,24,16,1,1,66.66666666666667,71.63099172519748,200.20000000000002,0.0,-28.33333333333333
2025-03-25 05:50:00,15.290833333333332,87.90833333333333,0.0091666666666666,1013.945,17.526666666666667,0.0,14.309166666666666,14.8,167.0,5.0,92.0,0,3,25,5,0,1,69.33333333333333,71.43423246593822,200.20000000000002,0.0,-22.66666666666667
2025-03-25 06:00:00,15.2925,87.925,0.0,1014.015,17.4125,0.0,14.2925,14.7925,266.0,5.2,97.5,0,3,25,6,0,1,68.0,71.27682505853082,200.20000000000002,0.0,-29.5
2025-03-25 06:10:00,15.275833333333331,87.75833333333334,0.0,1014.0483333333334,16.995833333333334,0.0,14.275833333333331,14.775833333333331,222.0,5.1,100.0,0,3,25,6,0,1,82.0,71.0719639474197,203.50000000000003,0.0,-18.0
2025-03-25 06:20:00,15.259166666666667,87.59166666666667,0.0,1014.0816666666668,16.579166666666666,0.0,14.259166666666667,14.759166666666667,220.33333333333334,5.1,100.0,0,3,25,6,0,1,80.0,70.9469639474197,214.50000000000003,0.0,-20.0
2025-03-25 06:30:00,15.2425,87.425,0.0,1014.115,16.1625,0.0,14.2425,14.7425,218.66666666666666,5.1,99.0,0,3,25,6,0,1,78.0,70.80807505853082,225.50000000000003,0.0,-21.0
2025-03-25 08:40:00,16.767500000000002,84.51666666666667,0.0,1013.9516666666666,14.894166666666669,30.833333333333332,14.919166666666666,14.6,197.0,5.1,93.0,0,3,25,8,0,1,69.0,70.66224172519748,225.50000000000003,0.0,-24.0
2025-03-25 12:50:00,17.19166666666667,83.81666666666666,1.39,1014.945,22.28,13.741666666666667,16.990833333333335,14.9,200.0,5.2,100.0,6,3,25,12,1,1,91.0,70.49557505853082,225.50000000000003,6.6000000000000005,-9.0
2025-03-25 13:00:00,17.017500000000002,84.75,1.5225,1014.955,21.975,11.1,16.955000000000002,14.907500000000002,199.6153846153846,5.2,100.0,10,3,25,13,1,1,90.0,70.43307505853082,218.9,17.6,-10.0
2025-03-25 13:10:00,16.83416666666667,86.41666666666666,1.5725,1014.855,20.808333333333337,9.1,16.854999999999997,14.924166666666668,199.23076923076923,5.2,100.0,0,3,25,13,1,1,89.0,70.36363061408638,207.90000000000003,17.6,-11.0
2025-03-26 06:10:00,15.1,95.0,0.0,1008.4550000000002,16.950833333333332,0.0,14.6,14.9,160.0,5.1,95.0,0,3,26,6,0,1,76.0,70.28724172519748,207.90000000000003,17.6,-19.0
2025-03-26 06:20:00,15.1,95.0,0.0,1008.355,16.434166666666666,0.0,14.6,14.9,160.4,5.1,100.0,0,3,26,6,0,1,77.0,70.15529728075303,207.90000000000003,17.6,-23.0
2025-03-26 06:30:00,15.1,95.0,0.0,1008.255,15.9175,0.0,14.6,14.9,160.8,5.2,100.0,0,3,26,6,0,1,78.0,69.99557505853082,207.90000000000003,17.6,-22.0
2025-03-26 12:50:00,15.709166666666668,88.18333333333334,0.7274999999999999,1006.1366666666668,19.339999999999996,5.366666666666666,15.790833333333332,14.9,176.0,4.9,98.0,0,3,26,12,1,1,77.0,69.84279728075303,207.90000000000003,17.6,-21.0
2025-03-26 13:00:00,15.654999999999998,88.525,0.8049999999999999,1006.04,18.9825,4.625,15.7775,14.9,194.0,5.0,100.0,0,3,26,13,1,1,91.0,69.6969639474197,218.90000000000003,17.6,-9.0
2025-03-26 13:10:00,15.554999999999998,89.69166666666666,1.038333333333333,1005.9066666666668,19.16583333333333,3.7916666666666665,15.7275,14.9,193.77450980392157,5.0,100.0,0,3,26,13,1,1,90.75,69.6344639474197,229.90000000000003,17.6,-9.25
2025-03-26 13:20:00,15.454999999999998,90.85833333333332,1.2716666666666667,1005.7733333333332,19.34916666666667,2.9583333333333335,15.6775,14.9,193.54901960784315,5.0,100.0,0,3,26,13,1,1,90.5,69.57022783630859,233.20000000000002,17.6,-9.5
2025-03-27 06:00:00,10.5625,100.0,0.0,1000.6225,6.205,0.0,12.0625,13.9925,171.0,4.8,99.33333333333333,9,3,27,6,0,1,85.0,69.50425561408638,233.2,27.5,-14.333333333333329
2025-03-27 06:10:00,10.479166666666666,100.0,0.0,1000.6725,5.7716666666666665,0.0,11.979166666666666,13.975833333333332,172.07692307692307,4.9,100.0,10,3,27,6,0,1,100.0,69.40471857704932,223.3,38.5,0.0
2025-03-27 06:20:00,10.395833333333332,100.0,0.0,1000.7225,5.338333333333333,0.0,11.895833333333332,13.959166666666668,173.15384615384616,4.9,100.0,4,3,27,6,0,1,97.75,69.40471857704932,212.3,42.900000000000006,-2.25
2025-03-27 10:20:00,15.267500000000002,75.73333333333333,0.0,1001.2183333333336,9.2225,356.25,14.771666666666668,13.640833333333331,199.0,4.9,91.0,0,3,27,10,0,1,95.5,69.38909357704932,207.9,42.900000000000006,4.5
2025-03-27 10:30:00,15.4175,74.4,0.0,1001.185,9.2725,381.25,15.005,13.6575,210.0,4.9,90.25,0,3,27,10,0,1,100.0,69.42034357704932,207.9,42.900000000000006,9.75
2025-03-27 10:40:00,15.5675,73.06666666666666,0.0,1001.1516666666666,9.322500000000002,406.25,15.238333333333332,13.674166666666668,224.0,5.0,89.5,0,3,27,10,0,1,100.0,69.48805191038267,207.9,42.900000000000006,10.5
2025-03-27 11:00:00,15.8525,70.7,0.0075,1001.085,9.4,448.9,15.69,13.715,249.0,5.0,88.0,0,3,27,11,0,1,97.66666666666667,69.56096857704932,207.9,42.900000000000006,9.666666666666671
2025-03-27 11:10:00,15.969166666666666,70.03333333333333,0.0241666666666666,1001.0516666666666,9.4,457.5666666666667,15.89,13.748333333333331,259.0,5.0,87.57142857142857,0,3,27,11,0,1,85.0,69.62809820667896,207.9,42.900000000000006,-2.5714285714285694
2025-03-27 11:20:00,16.085833333333333,69.36666666666666,0.0408333333333333,1001.0183333333332,9.4,466.2333333333333,16.09,13.781666666666666,265.0,5.1,87.14285714285714,0,3,27,11,0,1,93.0,69.61024106382182,209.0,42.900000000000006,5.857142857142861
2025-03-27 17:10:00,16.106666666666666,66.725,0.0,999.6241666666668,8.117500000000001,212.61666666666665,17.982499999999998,15.324166666666668,244.0,5.2,73.0,0,3,27,17,2,1,92.0,69.65091566699643,220.0,42.900000000000006,19.0
2025-03-27 17:20:00,15.973333333333334,67.225,0.0,999.6408333333331,8.267500000000002,190.28333333333333,17.8325,15.340833333333332,283.0,5.1,74.2,9,3,27,17,2,1,91.0,69.78286011144087,231.0,52.800000000000004,16.799999999999997
2025-03-27 17:30:00,15.84,67.725,0.0,999.6575,8.4175,167.95,17.682499999999997,15.357499999999998,232.0,5.1,75.4,7,3,27,17,2,1,86.0,69.89952677810753,224.4,60.5,10.599999999999994
2025-03-28 05:50:00,7.827499999999999,99.09166666666668,1.6350000000000002,1000.0541666666668,2.4991666666666665,0.0,10.418333333333331,13.6275,161.0,5.0,79.0,0,3,28,5,0,1,85.94117647058823,69.97313788921865,216.70000000000002,60.5,6.941176470588232
2025-03-28 06:00:00,7.845000000000001,98.85,1.6649999999999998,1000.085,2.975,0.0,10.4,13.585,173.0,4.9,88.0,0,3,28,6,0,1,85.88235294117646,70.02134050359774,216.70000000000002,60.5,-2.117647058823536
2025-03-28 06:10:00,7.945,98.51666666666668,1.365,1000.0516666666666,3.8083333333333336,0.0,10.4,13.551666666666666,173.6,4.9,87.8,0,3,28,6,0,1,80.0,70.0066346212448,216.70000000000002,53.900000000000006,-7.799999999999997
2025-03-28 06:20:00,8.045,98.18333333333334,1.065,1000.0183333333332,4.641666666666667,0.0,10.4,13.518333333333334,174.2,5.0,87.6,0,3,28,6,0,1,92.0,69.95246795457814,216.70000000000002,42.900000000000006,4.400000000000006
2025-03-28 11:50:00,16.799166666666665,68.36666666666666,0.0908333333333333,1000.2183333333336,6.464166666666666,497.3083333333333,16.371666666666666,13.381666666666666,194.0,5.0,73.0,0,3,28,11,0,1,100.0,69.98302351013369,216.70000000000002,42.900000000000006,27.0
2025-03-28 12:20:00,16.940833333333334,67.59166666666667,0.2225,1000.0366666666666,5.746666666666667,521.9666666666667,16.990000000000002,13.5225,176.0,5.0,60.5,0,3,28,12,1,1,98.66666666666667,70.17052351013369,227.70000000000002,42.900000000000006,38.16666666666667
2025-03-28 12:40:00,16.97416666666667,67.25833333333334,0.3225,999.9033333333332,5.213333333333333,536.6333333333333,17.39,13.6225,197.0,5.0,71.0,10,3,28,12,1,1,93.0,70.43556980642998,234.3,53.900000000000006,22.0
2025-03-28 12:50:00,16.990833333333335,67.09166666666667,0.3725,999.8366666666668,4.946666666666667,543.9666666666667,17.59,13.6725,196.5728155339806,5.0,72.33333333333333,10,3,28,12,1,1,100.0,70.58834758420775,225.50000000000003,64.9,27.66666666666667
2025-03-28 13:00:00,16.8125,67.75,0.64,999.8225,4.725,523.4,17.7075,13.715,196.14563106796118,5.0,73.66666666666667,0,3,28,13,1,1,100.0,70.78047721383739,225.50000000000003,64.9,26.33333333333333
2025-03-29 05:50:00,8.355,99.90833333333332,0.0,996.2,5.664166666666667,0.0,10.6275,13.118333333333334,153.0,4.9,73.0,0,3,29,5,0,1,100.0,70.96334758420775,229.90000000000003,64.9,27.0
2025-03-29 06:10:00,8.445,99.75833333333334,0.0,996.1758333333332,5.89,0.0,10.5275,13.051666666666666,143.0,5.1,56.57142857142857,0,3,29,6,0,1,97.0,71.15084758420775,229.90000000000003,64.9,40.42857142857143
2025-03-29 06:20:00,8.545,99.59166666666668,0.0,996.1591666666668,6.09,0.0,10.4775,13.018333333333334,141.66666666666666,5.1,61.142857142857146,0,3,29,6,0,1,100.0,71.43160155246171,229.90000000000003,64.9,38.857142857142854
2025-03-29 07:40:00,10.0125,98.25833333333334,0.0,996.4708333333334,6.874166666666667,28.925,10.596666666666668,12.825833333333332,131.0,5.1,81.0,0,3,29,7,0,1,100.0,71.701442822303,233.20000000000002,55.0,19.0
2025-03-29 07:50:00,10.2625,98.09166666666668,0.0,996.5541666666668,6.890833333333333,35.425,10.663333333333332,12.809166666666666,119.0,5.1,64.0,0,3,29,7,0,1,100.0,71.83338726674744,244.20000000000002,44.0,36.0
2025-03-29 08:00:00,10.55,97.475,0.0075,996.585,6.6375,47.175,10.79,12.7925,120.89285714285714,5.1,66.66666666666667,0,3,29,8,0,1,97.0,72.08338726674744,247.50000000000003,39.599999999999994,30.33333333333333
2025-03-29 08:10:00,10.883333333333336,96.30833333333334,0.0241666666666666,996.5516666666666,6.054166666666667,65.34166666666667,10.989999999999998,12.775833333333336,122.78571428571429,5.1,69.33333333333333,0,3,29,8,0,1,100.0,72.29403541489559,247.50000000000003,39.599999999999994,30.66666666666667
2025-03-29 12:30:00,16.2725,68.7,0.1425,996.7425,2.975,246.225,16.6875,13.2725,172.0,5.0,68.0,0,3,29,12,1,1,100.0,72.50699837785855,247.50000000000003,39.599999999999994,32.0
2025-03-29 12:40:00,16.322499999999998,68.03333333333333,0.1258333333333333,996.7258333333332,3.1416666666666666,216.725,16.770833333333332,13.3225,187.0,5.0,78.0,0,3,29,12,1,1,100.0,72.72922060008077,247.50000000000003,39.599999999999994,22.0
2025-03-29 12:50:00,16.3725,67.36666666666666,0.1091666666666666,996.7091666666668,3.3083333333333336,187.225,16.854166666666664,13.3725,186.46601941747574,5.0,77.25,0,3,29,12,1,1,100.0,72.88199837785855,247.50000000000003,39.599999999999994,22.75
2025-03-29 13:00:00,16.377499999999998,67.0,0.1,996.67,3.4075,171.825,16.9375,13.415,185.93203883495147,5.0,76.5,0,3,29,13,1,1,100.0,73.03998448896965,247.50000000000003,39.599999999999994,23.5
2025-03-30 05:50:00,9.036666666666669,100.0,0.2,1000.2908333333332,4.608333333333333,0.0,10.6275,13.009166666666667,132.0,5.2,69.0,0,3,30,5,0,1,92.0,73.20317893341411,247.50000000000003,39.599999999999994,23.0
2025-03-30 06:00:00,9.015,100.0,0.185,1000.345,4.985,0.0,10.585,12.9925,138.0,5.2,74.0,0,3,30,6,0,1,92.44444444444444,73.36290115563632,247.50000000000003,39.599999999999994,18.444444444444443
2025-03-30 06:10:00,9.048333333333334,100.0,0.1516666666666666,1000.445,5.618333333333333,0.0,10.551666666666666,12.975833333333332,125.0,5.1,74.72727272727273,0,3,30,6,0,1,92.88888888888889,73.4909875753894,247.50000000000003,29.7,18.161616161616152
2025-03-30 06:20:00,9.081666666666669,100.0,0.1183333333333333,1000.5449999999998,6.251666666666667,0.0,10.518333333333334,12.959166666666668,125.89473684210526,5.2,75.45454545454545,0,3,30,6,0,1,93.0,73.61710990984508,247.50000000000003,22.0,17.545454545454547
2025-03-30 12:30:00,16.052500000000002,71.15,2.3125,1002.6575,12.14,315.975,16.43,13.1725,159.0,5.0,64.0,0,3,30,12,1,1,92.90123456790124,73.73895334418852,247.50000000000003,22.0,28.90123456790124
2025-03-30 12:40:00,15.835833333333335,71.48333333333333,2.895833333333333,1002.6741666666668,12.673333333333334,281.475,16.496666666666666,13.2225,175.0,5.1,74.0,6,3,30,12,1,1,92.80246913580247,73.93965636202115,247.50000000000003,28.6,18.80246913580247
2025-03-30 12:50:00,15.619166666666668,71.81666666666666,3.4791666666666665,1002.6908333333334,13.206666666666669,246.975,16.563333333333336,13.2725,174.4787234042553,5.1,72.0,10,3,30,12,1,1,100.0,74.07022906435311,240.9,39.6,28.0
2025-03-30 13:00:00,15.4925,72.225,3.7625,1002.715,13.0275,222.9,16.5775,13.315,173.95744680851064,5.0,70.0,0,3,30,13,1,1,100.0,74.26467350879756,229.9,39.6,30.0
2025-03-31 04:20:00,11.518333333333334,85.59166666666667,0.0,1001.9958333333334,13.245,0.0,11.518333333333334,13.518333333333334,126.0,5.4,55.0,0,3,31,4,3,1,100.0,74.4730068421309,229.9,39.6,45.0
2025-03-31 04:30:00,11.485,85.425,0.0,1001.9125,13.345,0.0,11.485,13.485,113.0,5.3,43.0,0,3,31,4,3,1,95.0,74.7855068421309,229.9,39.6,52.0
2025-03-31 04:40:00,11.451666666666666,85.25833333333334,0.0,1001.8291666666668,13.445,0.0,11.451666666666666,13.451666666666668,114.5,5.3,44.375,0,3,31,4,3,1,100.0,75.14661795324201,231.0,28.6,55.625
2025-03-31 04:50:00,11.418333333333331,85.09166666666667,0.0,1001.7458333333334,13.544999999999998,0.0,11.418333333333331,13.418333333333331,116.0,5.3,45.75,0,3,31,4,3,1,100.0,75.53290267546423,242.0,17.6,54.25
2025-03-31 05:50:00,11.218333333333332,87.725,0.0,1001.7,14.508333333333333,0.0,11.309166666666666,13.309166666666666,125.0,5.4,54.0,0,3,31,5,0,1,100.0,75.90963878657534,253.0,17.6,46.0
2025-03-31 06:00:00,11.177499999999998,88.225,0.0,1001.6925,14.36,0.075,11.285,13.285,167.0,5.3,61.0,0,3,31,6,0,1,99.0,76.22908323101979,257.4,17.6,38.0
2025-03-31 06:10:00,11.1275,88.725,0.0,1001.6758333333332,13.826666666666664,0.2416666666666666,11.251666666666669,13.251666666666669,141.0,5.2,64.0,0,3,31,6,0,1,100.0,76.49297211990867,260.7,17.6,36.0
2025-03-31 06:20:00,11.0775,89.225,0.0,1001.6591666666668,13.293333333333331,0.4083333333333333,11.218333333333334,13.218333333333334,128.0,5.1,67.0,0,3,31,6,0,1,100.0,76.74297211990867,271.7,17.6,33.0
2025-03-31 06:30:00,11.0275,89.725,0.0,1001.6425,12.76,0.575,11.185,13.185,128.0810810810811,5.1,66.0,0,3,31,6,0,1,100.0,76.97213878657534,275.0,17.6,34.0
2025-03-31 06:40:00,10.9775,90.225,0.0,1001.6258333333332,12.226666666666668,0.7416666666666666,11.151666666666667,13.151666666666666,128.16216216216216,5.1,65.0,0,3,31,6,0,1,100.0,77.20824989768646,275.0,17.6,35.0
2025-03-31 12:30:00,15.86,75.7,0.3975,1002.185,13.565,240.975,15.975,13.415,131.0,5.3,55.0,3,3,31,12,1,1,97.0,77.45130545324201,275.0,20.900000000000002,42.0
2025-03-31 12:40:00,15.993333333333334,75.03333333333333,0.2808333333333334,1002.1516666666666,13.265,259.80833333333334,16.141666666666666,13.448333333333334,162.0,5.2,59.0,10,3,31,12,1,1,96.5,77.74297211990867,271.7,31.900000000000002,37.5
2025-03-31 12:50:00,16.126666666666665,74.36666666666666,0.1641666666666666,1002.1183333333336,12.965,278.64166666666665,16.30833333333333,13.481666666666666,147.0,5.2,56.0,10,3,31,12,1,1,96.0,78.00338878657534,260.7,42.900000000000006,40.0
2025-03-31 13:10:00,16.1275,74.0,0.6075,1002.0033333333332,11.954166666666667,280.05833333333334,16.4725,13.548333333333332,171.0,5.2,74.0,0,3,31,13,1,1,85.0,78.28116656435311,249.70000000000002,42.900000000000006,11.0
2025-03-31 13:20:00,16.0775,74.0,0.9575,1001.9366666666668,11.370833333333334,273.89166666666665,16.5225,13.581666666666669,150.0,5.2,70.0,0,3,31,13,1,1,86.0,78.35755545324201,249.70000000000002,42.900000000000006,16.0
2025-03-31 13:30:00,16.0275,74.0,1.3075,1001.87,10.7875,267.725,16.572499999999998,13.615,149.25,5.2,69.25,0,3,31,13,1,1,91.0,78.46866656435311,249.70000000000002,42.900000000000006,21.75
2025-03-31 13:40:00,15.9775,74.0,1.6575000000000002,1001.8033333333336,10.204166666666667,261.55833333333334,16.6225,13.648333333333332,148.5,5.2,68.5,0,3,31,13,1,1,100.0,78.61970823101979,249.70000000000002,42.900000000000006,31.5
2025-03-31 16:00:00,14.085,85.15,0.1925,1001.0075,11.895,1.65,14.892500000000002,13.8,138.0,5.2,61.0,0,3,31,16,1,1,100.0,78.83845823101979,260.70000000000005,42.900000000000006,39.0
2025-03-31 16:20:00,14.018333333333334,85.81666666666666,0.1591666666666666,1001.0408333333332,12.761666666666668,8.983333333333333,14.859166666666669,13.8,171.0,5.2,83.0,0,3,31,16,1,1,99.0,79.10929156435311,267.3,42.900000000000006,16.0
2025-03-31 16:30:00,13.985,86.15,0.1425,1001.0575,13.195,12.65,14.8425,13.8,170.2439024390244,5.2,80.5,0,3,31,16,1,1,100.0,79.22040267546423,267.3,42.900000000000006,19.5
2025-03-31 16:40:00,13.951666666666668,86.48333333333333,0.1258333333333333,1001.0741666666668,13.628333333333334,16.316666666666666,14.825833333333332,13.8,169.4878048780488,5.2,78.0,0,3,31,16,1,1,100.0,79.3558193421309,267.3,42.900000000000006,22.0
2025-04-01 06:00:00,10.9375,95.0,0.0,998.4,9.245,0.075,11.1,13.085,109.0,5.2,75.0,3,4,1,6,0,2,100.0,79.50859711990867,267.3,39.6,25.0
2025-04-01 06:10:00,11.020833333333334,95.0,0.0,998.4,9.345,0.2416666666666666,11.1,13.051666666666666,124.0,5.2,78.33333333333333,10,4,1,6,0,2,100.0,79.68220823101979,264.0,39.6,21.66666666666667
2025-04-01 06:20:00,11.104166666666668,95.0,0.0,998.4,9.445,0.4083333333333333,11.1,13.018333333333334,124.57894736842105,5.2,81.66666666666667,3,4,1,6,0,2,100.0,79.83267119398275,253.0,42.9,18.33333333333333
2025-04-01 06:30:00,11.1875,95.0,0.0,998.4,9.545,0.575,11.1,12.985,125.15789473684211,5.2,85.0,0,4,1,6,0,2,89.0,79.95998600879756,249.70000000000002,42.9,4.0
2025-04-01 12:30:00,16.8875,59.85,0.0425,998.8425,13.7225,550.975,16.96,13.4725,146.0,5.2,64.0,0,4,1,12,1,2,100.0,79.98776378657534,249.70000000000002,42.9,36.0
2025-04-01 12:40:00,16.970833333333335,59.516666666666666,0.0258333333333333,998.8258333333332,13.439166666666663,536.475,17.093333333333334,13.5225,181.0,5.2,74.0,0,4,1,12,1,2,100.0,80.23776378657534,249.70000000000002,42.9,26.0
2025-04-01 12:50:00,17.054166666666667,59.18333333333334,0.0091666666666666,998.8091666666666,13.155833333333334,521.975,17.226666666666667,13.5725,180.26666666666668,5.2,71.5,0,4,1,12,1,2,99.0,80.4183193421309,249.70000000000002,42.9,27.5
2025-04-01 13:00:00,17.122500000000002,58.85,0.0,998.785,12.97,515.05,17.345000000000002,13.6225,179.53333333333333,5.2,69.0,0,4,1,13,1,2,94.0,80.60929156435311,249.70000000000002,42.9,25.0
2025-04-01 17:40:00,15.306666666666668,76.19166666666666,0.0,998.6,13.290833333333332,113.90833333333332,16.255000000000003,14.374166666666667,159.0,5.3,56.0,0,4,1,17,2,2,100.0,80.78290267546423,249.70000000000002,42.9,44.0
2025-04-01 18:00:00,15.01,78.525,0.0,998.615,12.38,102.55,16.032500000000002,14.407500000000002,233.0,5.2,66.0,0,4,1,18,2,2,100.0,81.08845823101979,249.70000000000002,42.9,34.0
2025-04-01 18:10:00,14.81,79.69166666666666,0.0,998.6483333333332,11.446666666666667,88.21666666666667,15.882500000000002,14.424166666666668,182.0,5.2,63.5,0,4,1,18,2,2,100.0,81.3245693421309,249.70000000000002,42.9,36.5
2025-04-01 18:20:00,14.61,80.85833333333333,0.0,998.6816666666666,10.513333333333334,73.88333333333334,15.732500000000002,14.440833333333334,181.69724770642202,5.2,61.0,0,4,1,18,2,2,100.0,81.57804156435311,249.70000000000002,42.9,39.0
2025-04-01 18:30:00,14.41,82.025,0.0,998.715,9.580000000000002,59.55,15.5825,14.4575,181.39449541284404,5.2,60.921052631578945,0,4,1,18,2,2,97.0,81.84887489768646,249.70000000000002,42.9,36.078947368421055
2025-04-02 12:20:00,17.804166666666667,68.36666666666666,0.1408333333333333,1006.4816666666668,11.71,507.1416666666667,17.408333333333335,13.7225,149.0,5.2,55.0,0,4,2,12,1,2,100.0,82.0994231433005,249.70000000000002,39.6,45.0
2025-04-02 12:30:00,17.8875,67.7,0.1575,1006.515,11.51,505.975,17.575,13.7725,187.0,5.3,66.0,0,4,2,12,1,2,100.0,82.4119231433005,257.40000000000003,28.6,34.0
2025-04-02 12:40:00,17.970833333333335,67.03333333333333,0.1741666666666666,1006.5483333333334,11.31,504.8083333333333,17.741666666666667,13.8225,158.0,5.3,63.5,0,4,2,12,1,2,100.0,82.6480342544116,267.3,17.6,36.5
2025-04-02 12:50:00,18.054166666666667,66.36666666666666,0.1908333333333333,1006.5816666666668,11.11,503.6416666666667,17.908333333333335,13.8725,157.58064516129033,5.3,61.0,0,4,2,12,1,2,100.0,82.90150647663383,267.3,17.6,39.0
2025-04-02 13:00:00,18.1225,65.85,0.185,1006.6225,10.9325,503.525,18.0525,13.9225,157.16129032258064,5.3,60.851851851851855,0,4,2,13,1,2,92.0,83.17233980996716,267.3,17.6,31.148148148148145
2025-04-02 23:00:00,12.3925,81.15,0.0,1011.5375,11.19,0.0,13.07,14.892500000000002,132.0,5.3,54.0,0,4,2,23,3,2,92.77777777777777,83.3886463943293,267.3,17.6,38.77777777777777
2025-04-02 23:10:00,12.375833333333334,81.48333333333333,0.0,1011.6208333333334,11.39,0.0,13.003333333333334,14.875833333333333,104.0,5.2,44.0,0,4,2,23,3,2,93.55555555555556,83.65793651778608,275.0,17.6,49.55555555555556
2025-04-02 23:20:00,12.359166666666669,81.81666666666666,0.0,1011.7041666666668,11.59,0.0,12.936666666666667,14.859166666666669,104.34146341463415,5.3,44.24390243902439,0,4,2,23,3,2,93.0,84.00207232025522,284.90000000000003,17.6,48.75609756097561
2025-04-02 23:30:00,12.3425,82.15,0.0,1011.7875,11.79,0.0,12.87,14.8425,104.6829268292683,5.4,44.48780487804878,0,4,2,23,3,2,79.0,84.34065633109533,284.90000000000003,17.6,34.51219512195122
2025-04-03 06:00:00,11.6,84.15,0.0,1012.6375,11.8775,0.075,11.6,13.892500000000002,118.0,5.4,54.0,0,4,3,6,0,2,93.0,84.58032435277555,284.90000000000003,17.6,39.0
2025-04-03 06:20:00,11.6,84.81666666666666,0.0,1012.8041666666668,11.7775,0.4083333333333333,11.6,13.859166666666669,125.0,5.3,70.5,0,4,3,6,0,2,100.0,84.85115768610888,284.90000000000003,17.6,29.5
2025-04-03 06:30:00,11.6,85.15,0.0,1012.8875,11.7275,0.575,11.6,13.8425,125.43243243243244,5.3,68.0,0,4,3,6,0,2,100.0,85.05601879721999,284.90000000000003,14.3,32.0
2025-04-03 06:40:00,11.6,85.48333333333333,0.0,1012.9708333333334,11.677499999999998,0.7416666666666666,11.6,13.825833333333332,125.86486486486487,5.3,67.5,0,4,3,6,0,2,100.0,85.2782410194422,284.90000000000003,3.3000000000000003,32.5
2025-04-03 12:40:00,17.925833333333333,65.775,0.6875,1014.8741666666668,14.69,547.4,17.793333333333333,14.1225,155.0,5.5,56.0,10,4,3,12,1,2,100.0,85.50393546388665,284.90000000000003,11.0,44.0
2025-04-03 12:50:00,17.909166666666664,65.275,0.4375,1014.8908333333331,14.89,539.4,17.926666666666666,14.1725,165.0,5.5,60.0,10,4,3,12,1,2,100.0,85.8094910194422,273.90000000000003,22.0,40.0
2025-04-03 13:00:00,17.952499999999997,64.625,0.2774999999999999,1014.8925,15.21,538.15,18.045,14.215,164.52380952380952,5.5,59.8,0,4,3,13,1,2,100.0,86.08726879721999,273.90000000000003,22.0,40.2
2025-04-03 13:10:00,18.069166666666668,63.791666666666664,0.2274999999999999,1014.8758333333332,15.676666666666668,545.15,18.145000000000003,14.248333333333331,164.04761904761904,5.5,59.6,0,4,3,13,1,2,98.0,86.36643546388666,278.3,22.0,38.4
2025-04-03 19:50:00,13.419166666666666,73.45,0.0,1014.7541666666666,12.763333333333334,2.3833333333333324,15.100833333333332,15.209166666666668,145.0,5.4,54.0,0,4,3,19,2,2,97.0,86.63310213055333,278.3,22.0,43.0
2025-04-03 20:00:00,13.2175,74.0,0.0,1014.8375,12.642500000000002,0.0,14.925,15.2,130.0,5.3,43.0,0,4,3,20,2,2,96.0,86.93171324166444,278.3,22.0,53.0
2025-04-03 20:10:00,13.034166666666668,74.0,0.0,1014.9208333333332,12.2925,0.0,14.758333333333336,15.2,129.71666666666667,5.4,43.18333333333333,0,4,3,20,2,2,95.57142857142857,87.29976879722,278.3,22.0,52.38809523809524
2025-04-03 20:20:00,12.850833333333332,74.0,0.0,1015.0041666666666,11.9425,0.0,14.591666666666663,15.2,129.43333333333334,5.3,43.36666666666667,0,4,3,20,2,2,95.14285714285714,87.6635750141512,278.3,22.0,51.77619047619047
2025-04-04 06:00:00,10.73,87.075,0.0,1013.2225,15.2175,0.15,10.9075,13.685,113.0,5.3,54.0,3,4,4,6,0,2,93.0,88.0231318924581,278.3,25.3,39.0
2025-04-04 06:10:00,10.796666666666663,87.24166666666666,0.0,1013.2725,15.034166666666668,0.4833333333333333,10.924166666666668,13.651666666666666,154.0,5.3,69.0,10,4,4,6,0,2,92.57142857142857,88.29396522579142,275.0,36.3,23.57142857142857
2025-04-04 06:20:00,10.863333333333332,87.40833333333333,0.0,1013.3225,14.850833333333332,0.8166666666666667,10.940833333333334,13.618333333333334,139.0,5.3,67.5,3,4,4,6,0,2,92.14285714285714,88.45765570198189,264.0,39.6,24.64285714285714
2025-04-04 06:30:00,10.93,87.575,0.0,1013.3725,14.6675,1.15,10.9575,13.585,138.9189189189189,5.3,66.0,0,4,4,6,0,2,87.0,88.62878665436284,260.7,39.6,21.0
2025-04-04 06:40:00,10.996666666666666,87.74166666666666,0.0,1013.4225,14.484166666666669,1.4833333333333332,10.974166666666669,13.551666666666666,138.83783783783784,5.3,65.42857142857143,0,4,4,6,0,2,76.0,88.77461998769618,260.7,39.6,10.57142857142857
2025-04-04 12:30:00,17.2725,52.85,0.0,1013.0425,15.785,562.375,17.017500000000002,13.7725,136.0,5.4,55.0,0,4,4,12,1,2,76.12162162162163,88.84803268610887,260.7,39.6,21.121621621621628
2025-04-04 12:40:00,17.322499999999998,52.516666666666666,0.0,1013.0258333333334,15.751666666666663,566.5416666666667,17.167499999999997,13.8225,190.0,5.5,67.0,0,4,4,12,1,2,76.24324324324324,88.9947106140368,260.7,39.6,9.243243243243242
2025-04-04 12:50:00,17.3725,52.18333333333334,0.0,1013.0091666666668,15.718333333333334,570.7083333333333,17.3175,13.8725,159.0,5.5,64.0,0,4,4,12,1,2,85.0,89.05889980322598,260.7,39.6,21.0
2025-04-04 13:00:00,17.377499999999998,52.0,0.0,1012.9625,15.7,565.2,17.43,13.915,158.8,5.5,61.0,0,4,4,13,1,2,89.0,89.20473313655933,260.7,39.6,28.0
2025-04-04 13:10:00,17.327499999999997,52.0,0.0,1012.8791666666666,15.7,547.8666666666667,17.496666666666666,13.948333333333334,158.6,5.5,60.78947368421053,0,4,4,13,1,2,99.0,89.39917758100377,261.8,39.6,38.21052631578947
2025-04-04 22:50:00,10.536666666666669,83.90833333333333,0.0,1010.9183333333332,8.1725,0.0,12.155,14.509166666666667,147.0,5.5857142857142845,46.0,0,4,4,22,3,2,98.72727272727273,89.66452845819676,272.8,39.6,52.727272727272734
2025-04-04 23:00:00,10.47,84.15,0.0,1010.8925,8.169999999999998,0.0,12.055,14.4925,146.0952380952381,5.4,46.19047619047619,0,4,4,23,3,2,93.0,90.03069007435838,278.3,39.6,46.80952380952381
2025-04-04 23:10:00,10.403333333333332,84.48333333333333,0.0,1010.8758333333332,8.103333333333333,0.0,11.955,14.475833333333332,145.1904761904762,5.4,46.38095238095238,0,4,4,23,3,2,100.0,90.35575621192453,278.3,39.6,53.61904761904762
2025-04-05 05:50:00,9.381666666666666,87.09166666666667,0.0,1009.1091666666669,9.435833333333331,0.0,10.109166666666669,13.418333333333331,109.0,5.4,54.0,0,4,5,5,0,2,100.0,90.72811070927902,281.6,39.6,46.0
2025-04-05 06:00:00,9.4375,86.625,0.0,1009.115,9.575,0.15,10.1,13.3775,133.0,5.4,64.0,3,4,5,6,0,2,100.0,91.04755515372347,292.6,42.9,36.0
2025-04-05 06:10:00,9.520833333333334,85.79166666666666,0.0,1009.1483333333332,9.741666666666667,0.4833333333333333,10.1,13.3275,157.0,5.4,74.0,10,4,5,6,0,2,94.0,91.29755515372347,292.59999999999997,53.900000000000006,20.0
2025-04-05 06:20:00,9.604166666666668,84.95833333333334,0.0,1009.1816666666666,9.908333333333331,0.8166666666666667,10.1,13.2775,123.0,5.3,71.0,3,4,5,6,0,2,100.0,91.43644404261235,281.59999999999997,46.2,29.0
2025-04-05 06:30:00,9.6875,84.125,0.0,1009.215,10.075,1.15,10.1,13.2275,113.0,5.3,68.0,0,4,5,6,0,2,100.0,91.63783293150124,278.3,35.2,32.0
2025-04-05 06:40:00,9.770833333333334,83.29166666666666,0.0,1009.2483333333332,10.241666666666667,1.4833333333333332,10.1,13.1775,109.5,5.3,67.25,0,4,5,6,0,2,79.0,91.86005515372347,278.3,35.2,11.75
2025-04-05 06:50:00,9.854166666666668,82.45833333333334,0.0,1009.2816666666664,10.408333333333331,1.8166666666666669,10.1,13.1275,106.0,5.4,66.5,0,4,5,6,0,2,71.0,91.9416523759457,278.3,35.2,4.5
2025-04-05 07:10:00,10.359166666666669,80.79166666666666,0.0,1009.3,10.8625,16.5,10.220833333333331,13.075833333333332,99.0,5.3,65.0,0,4,5,7,0,2,73.42857142857143,91.9729023759457,278.3,35.2,8.42857142857143
2025-04-05 07:50:00,11.625833333333334,77.45833333333334,0.0,1009.3,11.8625,56.5,10.554166666666664,13.009166666666667,147.86206896551724,5.3,89.0,0,4,5,7,0,2,75.85714285714286,92.03143412197743,278.3,35.2,-13.142857142857139
2025-04-05 08:00:00,11.98,76.55,0.0,1009.2925,11.835,73.175,10.7125,12.9925,147.72413793103448,5.3,88.0,0,4,5,8,0,2,75.4,91.94016428070759,278.3,35.2,-12.599999999999994
2025-04-05 12:30:00,17.6875,52.85,0.0425,1008.57,10.305,495.85,17.1325,13.3725,144.0,5.4,72.0,0,4,5,12,1,2,74.8,91.85266428070759,278.3,35.2,2.799999999999997
2025-04-05 12:40:00,17.770833333333332,52.516666666666666,0.0258333333333333,1008.5033333333332,10.538333333333334,508.85,17.315833333333337,13.4225,143.75238095238095,5.5,73.75,0,4,5,12,1,2,73.0,91.87210872515203,278.3,31.900000000000002,-0.75
2025-04-05 12:50:00,17.854166666666664,52.18333333333334,0.0091666666666666,1008.4366666666668,10.771666666666668,521.85,17.499166666666667,13.4725,143.5047619047619,5.4,75.5,0,4,5,12,1,2,72.4,91.8669003918187,278.3,20.900000000000002,-3.0999999999999943
2025-04-06 06:00:00,10.03,97.7,0.0,1003.8925,6.375,0.225,10.1925,13.385,118.0,5.4,67.0,0,4,6,6,0,2,71.8,91.84537261404093,278.3,17.6,4.799999999999997
2025-04-06 06:10:00,10.096666666666668,97.03333333333332,0.0,1003.8758333333332,6.541666666666667,0.725,10.175833333333332,13.351666666666668,140.0,5.3,76.0,0,4,6,6,0,2,50.0,91.87870594737426,278.3,17.6,-26.0
2025-04-06 06:20:00,10.163333333333334,96.36666666666666,0.0,1003.8591666666669,6.708333333333333,1.225,10.159166666666666,13.318333333333332,138.9375,5.3,85.0,0,4,6,6,0,2,49.9375,91.6981503918187,278.3,17.6,-35.0625
2025-04-06 06:30:00,10.23,95.7,0.0,1003.8425,6.875,1.725,10.1425,13.285,137.875,5.3,84.8,0,4,6,6,0,2,49.875,91.45466080848536,278.3,17.6,-34.925
2025-04-06 08:50:00,14.689166666666669,74.1,0.0,1003.9091666666668,10.126666666666669,208.15833333333336,12.2625,13.009166666666667,123.0,5.3,82.0,0,4,6,8,0,2,35.0,91.21212608626314,278.3,17.6,-47.0
2025-04-06 09:00:00,14.9975,72.4,0.0,1003.885,10.455,234.225,12.5275,13.0075,112.0,5.2,64.0,0,4,6,9,0,2,43.0,90.88573719737424,278.3,17.6,-21.0
2025-04-06 09:10:00,15.214166666666667,71.06666666666666,0.0,1003.8516666666668,11.021666666666665,261.39166666666665,12.810833333333337,13.024166666666668,114.38095238095238,5.2,66.66666666666667,0,4,6,9,0,2,74.0,90.73990386404091,278.3,17.6,7.333333333333329
2025-04-06 09:20:00,15.430833333333334,69.73333333333333,0.0,1003.8183333333334,11.588333333333331,288.55833333333334,13.094166666666666,13.040833333333332,116.76190476190476,5.3,69.33333333333333,0,4,6,9,0,2,68.0,90.79082978996684,278.3,17.6,-1.3333333333333286
2025-04-06 12:30:00,18.2725,56.425,0.0,1003.1125,16.0875,404.85,17.244999999999997,13.515,162.0,5.6,68.0,3,4,6,12,1,2,65.0,90.78157053070758,278.3,20.900000000000002,-3.0
2025-04-06 12:40:00,18.3225,56.25833333333334,0.0,1003.0291666666666,16.170833333333334,377.85,17.345,13.548333333333332,195.0,5.6,82.0,10,4,6,12,1,2,63.0,90.76073719737424,275.0,31.900000000000002,-19.0
2025-04-06 12:50:00,18.3725,56.09166666666666,0.0,1002.9458333333332,16.25416666666667,350.85,17.445,13.581666666666669,194.32038834951456,5.6,80.0,10,4,6,12,1,2,61.0,90.6287927529298,264.0,42.900000000000006,-19.0
2025-04-06 13:00:00,18.43,55.775,0.0,1002.8625,16.18,332.625,17.5375,13.6225,193.64077669902912,5.6,78.0,0,4,6,13,1,2,49.0,90.49684830848535,253.0,42.900000000000006,-29.0
2025-04-07 05:50:00,6.390833333333334,56.18333333333334,0.0,1010.1725,10.245833333333334,0.0,7.718333333333334,12.1275,125.0,5.4,69.0,0,4,7,5,0,2,75.0,90.29545941959647,253.0,39.60000000000001,6.0
2025-04-07 06:00:00,6.4375,56.15,0.0,1010.245,10.095,0.075,7.6925,12.085,171.0,5.4,91.0,0,4,7,6,0,2,63.0,90.33712608626314,253.0,28.6,-28.0
2025-04-07 06:10:00,6.520833333333334,56.483333333333334,0.0,1010.345,9.861666666666666,0.2416666666666666,7.675833333333334,12.051666666666666,132.0,5.3,90.0,0,4,7,6,0,2,62.743362831858406,90.14268164181868,253.0,25.3,-27.256637168141594
2025-04-07 06:20:00,6.604166666666667,56.81666666666666,0.0,1010.445,9.628333333333334,0.4083333333333333,7.659166666666667,12.018333333333334,132.31578947368422,5.3,89.0,0,4,7,6,0,2,62.48672566371681,89.95339943926216,253.0,25.3,-26.51327433628319
2025-04-07 12:30:00,11.6425,41.575,0.0,1013.0725,22.665,233.85,12.3025,11.5575,144.0,5.4,76.0,0,4,7,12,1,2,69.0,89.76927947859352,253.0,25.3,-7.0
2025-04-07 12:40:00,11.625833333333333,41.74166666666667,0.0,1013.1225,23.031666666666663,206.85,12.419166666666666,11.574166666666668,166.0,5.5,77.0,0,4,7,12,1,2,64.0,89.7206683674824,253.0,25.3,-13.0
2025-04-07 12:50:00,11.609166666666669,41.90833333333333,0.0,1013.1725,23.398333333333333,179.85,12.535833333333333,11.590833333333332,165.58653846153845,5.5,78.0,0,4,7,12,1,2,62.0,89.63039058970463,253.0,25.3,-16.0
2025-04-08 06:00:00,6.83,60.15,0.0,1016.6525,10.8625,0.15,6.2075000000000005,9.8925,123.0,5.4,77.0,10,4,8,6,0,2,60.0,89.51927947859352,253.0,36.3,-17.0
2025-04-08 06:10:00,6.8966666666666665,60.483333333333334,0.0,1016.7691666666666,10.779166666666669,0.4833333333333333,6.224166666666667,9.875833333333334,144.0,5.3,91.0,10,4,8,6,0,2,81.0,89.40122392303796,242.0,47.3,-10.0
2025-04-08 06:20:00,6.963333333333333,60.81666666666666,0.0,1016.8858333333334,10.695833333333336,0.8166666666666667,6.240833333333333,9.859166666666669,143.78947368421052,5.3,90.75,3,4,8,6,0,2,77.0,89.33177947859352,231.0,50.6,-13.75
2025-04-08 06:30:00,7.029999999999999,61.15,0.0,1017.0025,10.6125,1.15,6.2575,9.8425,143.57894736842104,5.3,90.5,0,4,8,6,0,2,75.5,89.2362933674824,227.70000000000002,50.6,-15.0
2025-04-08 12:30:00,10.9725,50.425,0.0,1018.2,21.3675,165.475,11.36,9.9575,136.0,5.3,85.0,0,4,8,12,1,2,74.0,89.13212670081573,227.70000000000002,50.6,-11.0
2025-04-08 12:40:00,11.0225,50.25833333333333,0.0,1018.2,21.184166666666663,180.975,11.493333333333332,9.974166666666669,178.0,5.3,100.0,0,4,8,12,1,2,72.33333333333333,89.05573781192685,227.70000000000002,50.6,-27.66666666666667
2025-04-08 12:50:00,11.0725,50.09166666666667,0.0,1018.2,21.000833333333333,196.475,11.626666666666669,9.990833333333333,177.54368932038835,5.4,97.75,0,4,8,12,1,2,75.0,88.86360818229723,227.70000000000002,50.6,-22.75
2025-04-08 13:00:00,11.1225,49.775,0.0,1018.2075,21.0125,214.3,11.76,10.015,177.0873786407767,5.4,95.5,0,4,8,13,1,2,66.0,88.70562207118611,231.00000000000003,50.6,-29.5
2025-04-09 06:00:00,7.5075,53.375,0.0,1018.0525,13.9875,0.375,6.7924999999999995,9.8925,166.0,5.4,100.0,0,4,9,6,0,2,61.0,88.500760960075,242.00000000000003,50.6,-39.0
2025-04-09 06:10:00,7.524166666666666,54.208333333333336,0.0,1018.1691666666668,13.7375,1.2083333333333333,6.775833333333333,9.875833333333334,166.05714285714285,5.3,100.0,0,4,9,6,0,2,59.5,88.22992762674167,253.00000000000003,50.6,-40.5
2025-04-09 06:20:00,7.540833333333333,55.041666666666664,0.0,1018.2858333333334,13.4875,2.0416666666666665,6.759166666666667,9.859166666666669,166.11428571428573,5.4,97.66666666666667,0,4,9,6,0,2,58.0,87.94867762674167,264.0,50.6,-39.66666666666667
2025-04-09 11:50:00,13.645,43.0,0.0,1019.8183333333332,16.674166666666668,651.4666666666667,12.9625,10.0725,168.0,5.6,85.0,1,4,9,11,0,2,57.55555555555556,87.67321466377871,275.0,51.7,-27.444444444444443
2025-04-09 12:00:00,13.7375,43.0,0.0,1019.7925,16.35,664.375,13.19,10.114999999999998,192.0,5.6,93.0,10,4,9,12,1,2,57.111111111111114,87.48262824402562,284.9,62.7,-35.888888888888886
2025-04-09 12:10:00,13.820833333333333,43.0,0.0,1019.7758333333334,16.01666666666667,671.875,13.39,10.148333333333332,190.2,5.6,92.0,10,4,9,12,1,2,50.0,87.23339984896388,284.9,70.4,-42.0
2025-04-09 12:20:00,13.904166666666663,43.0,0.0,1019.7591666666668,15.683333333333334,679.375,13.59,10.181666666666668,188.4,5.7,91.0,3,4,9,12,1,2,67.0,86.94173318229723,277.2,62.7,-24.0
2025-04-09 12:50:00,14.154166666666663,43.0,0.0,1019.7091666666668,14.683333333333334,701.875,14.19,10.281666666666668,183.0,5.7,86.0,0,4,9,12,1,2,62.0,86.77506651563056,273.9,51.7,-24.0
2025-04-09 13:00:00,14.2225,42.925,0.0,1019.6775,14.4775,705.1,14.3675,10.322500000000002,182.5,5.696703296703297,85.94117647058823,0,4,9,13,1,2,60.5,86.60839984896388,273.9,51.7,-25.441176470588232
2025-04-09 13:10:00,14.2725,42.75833333333333,0.0,1019.6275,14.4275,703.1,14.517500000000002,10.3725,182.0,5.693406593406594,85.88235294117646,0,4,9,13,1,2,50.0,86.43172501236258,273.9,51.7,-35.882352941176464
2025-04-10 05:50:00,4.145833333333333,85.63333333333334,0.0,1016.8366666666668,5.1899999999999995,0.0,5.8275,10.318333333333332,132.0,5.3,80.0,0,4,10,5,0,2,49.666666666666664,86.18254200582663,273.9,51.7,-30.333333333333336
2025-04-10 06:00:00,4.159999999999999,86.075,0.0,1016.8075,5.472499999999999,0.225,5.807499999999999,10.285,169.0,5.4,92.0,0,4,10,6,0,2,49.333333333333336,85.97189385767848,273.9,51.7,-42.666666666666664
2025-04-10 06:10:00,4.293333333333333,86.24166666666666,0.0,1016.8241666666668,5.855833333333333,0.725,5.824166666666667,10.251666666666669,167.4375,5.3,100.0,10,4,10,6,0,2,44.0,85.67559756138218,273.9,62.7,-56.0
2025-04-10 06:20:00,4.426666666666667,86.40833333333333,0.0,1016.8408333333332,6.239166666666667,1.225,5.840833333333333,10.218333333333334,165.875,5.3,98.66666666666667,6,4,10,6,0,2,33.0,85.28670867249329,262.9,69.30000000000001,-65.66666666666667
2025-04-10 08:40:00,11.218333333333332,77.55,0.0,1017.345,3.6366666666666663,124.51666666666668,8.483333333333333,9.9,144.0,5.4,93.0,2,4,10,8,0,2,36.0,84.83069015397479,256.3,71.5,-57.0
2025-04-10 08:50:00,11.851666666666665,76.55,0.0,1017.445,2.9033333333333338,144.18333333333334,8.816666666666666,9.9,169.0,5.3,100.0,10,4,10,8,0,2,39.0,84.43485682064144,254.1,82.5,-61.0
2025-04-10 09:00:00,12.364999999999998,75.1,0.0,1017.5075,2.53,161.3,9.165,9.9,168.64285714285714,5.4,100.0,4,4,10,9,0,2,39.333333333333336,84.01124570953033,243.1,75.9,-60.666666666666664
2025-04-10 09:10:00,12.731666666666666,73.1,0.0,1017.5241666666668,2.5966666666666667,175.3,9.531666666666666,9.9,168.28571428571428,5.3,100.0,0,4,10,9,0,2,21.0,83.58994941323404,238.7,64.9,-79.0
2025-04-10 11:10:00,15.6175,54.791666666666664,0.0241666666666666,1017.0791666666668,5.034999999999999,373.18333333333334,13.635,10.1725,164.0,5.5,97.0,0,4,10,11,0,2,36.0,83.04133830212294,246.4,61.6,-61.0
2025-04-10 11:20:00,15.767500000000002,53.958333333333336,0.0408333333333333,1016.9958333333334,5.335,419.5166666666667,13.935,10.2225,189.0,5.5,100.0,3,4,10,11,0,2,34.0,82.61772719101182,246.40000000000003,64.9,-66.0
2025-04-10 11:30:00,15.9175,53.125,0.0575,1016.9125,5.635,465.85,14.235,10.2725,185.75,5.5,100.0,10,4,10,11,0,2,29.0,82.15939385767848,243.10000000000002,75.9,-71.0
2025-04-10 11:40:00,16.067500000000003,52.291666666666664,0.0741666666666666,1016.8291666666668,5.9350000000000005,512.1833333333333,14.535,10.322500000000002,182.5,5.6,100.0,3,4,10,11,0,2,44.0,81.66633830212294,243.10000000000002,79.2,-56.0
2025-04-10 12:00:00,16.3525,50.775,0.0925,1016.67,6.5424999999999995,585.65,15.0975,10.43,176.0,5.6,97.0,0,4,10,12,1,2,45.5,81.27744941323404,248.6,79.2,-51.5
2025-04-10 12:10:00,16.46916666666667,50.275,0.0758333333333333,1016.6033333333332,6.859166666666667,589.3166666666667,15.314166666666669,10.496666666666666,387.0,5.7,100.0,0,4,10,12,1,2,47.0,80.91981052434515,248.6,79.2,-53.0
2025-04-10 12:30:00,16.702499999999997,49.275,0.0425,1016.47,7.4925000000000015,596.65,15.7475,10.63,307.0,6.0,100.0,0,4,10,12,1,2,47.0,80.5517549687896,253.0,79.2,-53.0
2025-04-10 12:40:00,16.819166666666668,48.775,0.0258333333333333,1016.4033333333332,7.809166666666667,600.3166666666667,15.964166666666667,10.696666666666667,272.0,6.0,100.0,0,4,10,12,1,2,64.0,80.18369941323404,264.0,79.2,-36.0
2025-04-10 12:50:00,16.93583333333333,48.275,0.0091666666666666,1016.3366666666668,8.125833333333334,603.9833333333333,16.180833333333332,10.763333333333334,271.19354838709677,6.0,100.0,0,4,10,12,1,2,61.666666666666664,79.93369941323404,264.0,79.2,-38.333333333333336
2025-04-10 13:00:00,17.015,48.15,0.0075,1016.27,8.57,607.8,16.3675,10.830000000000002,270.38709677419354,6.1,100.0,0,4,10,13,1,2,59.333333333333336,79.66749570953033,264.0,78.10000000000001,-40.666666666666664
2025-04-10 17:50:00,14.51,57.175,0.0,1014.5816666666668,13.506666666666666,109.36666666666667,15.473333333333334,12.3725,247.0,6.1,92.0,0,4,10,17,2,2,57.0,79.38508830212294,264.0,67.10000000000001,-35.0
2025-04-10 18:00:00,14.265,58.6,0.0,1014.6225,13.597500000000002,103.6,15.31,12.4075,245.73333333333332,6.1,92.44444444444444,0,4,10,18,2,2,56.666666666666664,79.14203274656738,264.0,56.1,-35.77777777777778
2025-04-10 18:10:00,13.965,59.93333333333334,0.0,1014.6725,13.1475,91.6,15.11,12.424166666666668,244.46666666666667,6.1,92.88888888888889,0,4,10,18,2,2,56.333333333333336,78.89357595644393,264.0,52.800000000000004,-36.55555555555555
2025-04-11 03:50:00,10.190833333333334,79.55,0.0,1016.1091666666669,12.418333333333331,0.0,9.2,11.9,171.0,5.5,93.0,0,4,11,3,3,2,54.0,78.63971793175256,264.0,52.800000000000004,-39.0
2025-04-11 04:00:00,10.2,78.85,0.0,1016.0925,12.385000000000002,0.0,9.2,11.885000000000002,171.48,5.507042253521127,92.90123456790124,0,4,11,4,3,2,52.5,78.36888459841923,264.0,52.800000000000004,-40.40123456790124
2025-04-11 04:10:00,10.2,78.51666666666667,0.0,1016.0758333333332,12.351666666666668,0.0,9.2,11.851666666666668,171.96,5.514084507042254,92.80246913580247,0,4,11,4,3,2,51.0,78.08832046947548,264.0,52.800000000000004,-41.80246913580247
2025-04-12 06:10:00,8.820833333333333,77.275,0.0,1011.2725,6.1033333333333335,1.45,9.175833333333332,12.551666666666666,169.0,5.5,100.0,0,4,12,6,0,2,40.0,77.79802554492129,264.0,52.800000000000004,-60.0
2025-04-12 06:20:00,8.904166666666665,76.775,0.0,1011.3225,6.036666666666667,2.45,9.159166666666666,12.518333333333334,168.42857142857142,5.5,100.0,0,4,12,6,0,2,45.0,77.38135887825462,264.0,52.800000000000004,-55.0
2025-04-12 06:30:00,8.9875,76.275,0.0,1011.3725,5.970000000000001,3.45,9.1425,12.485,167.85714285714286,5.5,100.0,0,4,12,6,0,2,50.0,76.99941443381017,264.0,41.800000000000004,-50.0
2025-04-12 08:30:00,14.3125,69.425,0.0,1012.2725,8.084999999999999,154.725,11.135,12.1425,161.0,5.5,95.0,1,4,12,8,0,2,40.0,76.65219221158796,264.0,36.300000000000004,-55.0
2025-04-12 08:40:00,14.895833333333334,69.25833333333334,0.0,1012.3225,8.051666666666666,175.225,11.435,12.125833333333333,180.0,5.5,100.0,10,4,12,8,0,2,72.0,76.27024776714352,262.90000000000003,45.1,-28.0
2025-04-12 08:50:00,15.479166666666668,69.09166666666667,0.0,1012.3725,8.018333333333334,195.725,11.735,12.109166666666669,179.5,5.5,100.0,10,4,12,8,0,2,65.0,76.07580332269907,251.9,45.1,-35.0
2025-04-12 09:00:00,15.965,68.475,0.0,1012.4225,8.465,219.75,12.05,12.1075,179.0,5.4,100.0,4,4,12,9,0,2,61.0,75.83274776714352,240.9,45.1,-39.0
2025-04-12 11:20:00,19.145,58.36666666666666,0.0,1013.1,16.355,572.2833333333333,16.3125,12.481666666666666,172.0,5.6,99.0,3,4,12,11,0,2,60.0,75.56191443381017,236.5,48.4,-39.0
2025-04-12 11:30:00,19.244999999999997,57.7,0.0,1013.1,16.255000000000003,589.95,16.5625,12.515,321.0,5.5,100.0,10,4,12,11,0,2,59.0,75.29108110047684,233.20000000000002,59.400000000000006,-41.0
2025-04-12 11:40:00,19.345,57.03333333333334,0.0,1013.1,16.155,607.6166666666667,16.8125,12.548333333333334,274.0,5.6,100.0,3,4,12,11,0,2,58.0,75.00635887825462,222.20000000000002,59.400000000000006,-42.0
2025-04-12 11:50:00,19.445,56.36666666666666,0.0,1013.1,16.055,625.2833333333333,17.0625,12.581666666666669,273.3333333333333,5.6,100.0,0,4,12,11,0,2,57.7,74.71469221158796,218.9,48.400000000000006,-42.3
2025-04-12 12:00:00,19.53,55.7,0.0,1013.0925,16.0225,638.9,17.2975,12.6225,272.6666666666667,5.6,100.0,0,4,12,12,1,2,57.4,74.42094221158796,218.9,45.1,-42.6
2025-04-12 12:40:00,19.796666666666663,53.03333333333334,0.0,1013.0258333333334,16.2225,673.5666666666667,18.164166666666667,12.8225,270.0,5.7,97.0,0,4,12,12,1,2,55.0,74.12510887825462,218.9,45.1,-42.0
2025-04-12 12:50:00,19.863333333333333,52.36666666666666,0.0,1013.0091666666668,16.2725,682.2333333333333,18.380833333333335,12.8725,269.275,5.7,96.5,0,4,12,12,1,2,54.869565217391305,73.83344221158796,218.9,45.1,-41.630434782608695
2025-04-12 13:00:00,19.9,51.925,0.0,1013.0,16.2775,686.625,18.56,12.9225,268.55,5.7,96.0,0,4,12,13,1,2,54.73913043478261,73.54434197004205,218.9,45.1,-41.26086956521739
2025-04-13 01:20:00,10.436666666666666,88.40833333333333,0.0,1014.1183333333336,1.4733333333333334,0.0,10.655,13.918333333333331,173.0,5.4,85.0,0,4,13,1,3,2,49.0,73.25780815361695,218.9,45.1,-36.0
2025-04-13 05:50:00,7.673333333333334,94.725,0.0,1014.5358333333334,2.445,0.0,8.9275,12.9275,159.0,5.4,86.0,0,4,13,5,0,2,39.0,73.00780815361695,218.9,45.1,-47.0
2025-04-13 06:00:00,7.659999999999999,94.925,0.0,1014.6075,2.65,0.45,8.9,12.892500000000002,171.0,5.5,91.0,0,4,13,6,0,2,39.310344827586206,72.68141926472805,218.9,45.1,-51.689655172413794
2025-04-13 06:10:00,7.793333333333334,94.75833333333334,0.0,1014.6241666666668,2.9833333333333334,1.45,8.9,12.875833333333333,171.2,5.3,100.0,10,4,13,6,0,2,39.62068965517241,72.32246332603073,218.9,56.1,-60.37931034482759
2025-04-13 06:20:00,7.926666666666667,94.59166666666668,0.0,1014.6408333333331,3.3166666666666664,2.45,8.9,12.859166666666669,171.4,5.3,100.0,6,4,13,6,0,2,48.0,71.90316255974722,207.9,62.7,-52.0
2025-04-13 08:30:00,14.3725,77.95,0.0,1015.1575,6.2524999999999995,142.6,11.2075,12.5425,174.0,5.4,99.0,0,4,13,8,0,2,76.0,71.5420514486361,211.20000000000002,62.7,-23.0
2025-04-13 08:40:00,15.089166666666666,75.61666666666666,0.0,1015.1741666666668,6.035833333333334,163.93333333333334,11.5575,12.525833333333331,334.0,5.3,100.0,0,4,13,8,0,2,73.5,71.38232922641389,222.20000000000002,62.7,-26.5
2025-04-13 08:50:00,15.805833333333334,73.28333333333333,0.0,1015.1908333333334,5.819166666666667,185.26666666666668,11.9075,12.509166666666667,308.0,5.3500000000000005,100.0,0,4,13,8,0,2,71.0,71.1983014486361,228.8,62.7,-29.0
2025-04-13 09:00:00,16.365,71.4,0.0,1015.245,5.79,207.125,12.2575,12.5075,282.0,5.4,100.0,0,4,13,9,0,2,69.66666666666667,70.99691255974722,228.8,62.7,-30.33333333333333
2025-04-13 09:10:00,16.731666666666666,70.06666666666666,0.0,1015.345,5.99,229.625,12.6075,12.524166666666666,281.1818181818182,5.4,100.0,0,4,13,9,0,2,68.33333333333333,70.78626441159906,228.8,62.7,-31.66666666666667
2025-04-13 09:20:00,17.098333333333333,68.73333333333333,0.0,1015.445,6.19,252.125,12.9575,12.540833333333332,280.3636363636364,5.3,100.0,0,4,13,9,0,2,67.0,70.56635700419166,228.8,62.7,-33.0
2025-04-13 16:20:00,19.101666666666667,54.9,0.245,1014.8225,14.885833333333334,49.74166666666667,17.8325,13.981666666666666,246.0,5.7,89.0,0,4,13,16,1,2,65.5,70.33719033752499,228.8,62.7,-23.5
2025-04-13 16:30:00,18.735,56.9,0.345,1014.8725,15.0025,36.575,17.682499999999997,14.015,208.0,5.7,100.0,0,4,13,16,1,2,64.0,70.17399589308054,228.8,61.6,-36.0
2025-04-13 16:40:00,18.368333333333332,58.9,0.445,1014.9225,15.119166666666668,23.408333333333335,17.5325,14.048333333333332,207.4875,5.6,100.0,0,4,13,16,1,2,63.25,69.92399589308054,228.8,50.6,-36.75
2025-04-13 16:50:00,18.00166666666667,60.9,0.545,1014.9725,15.235833333333336,10.241666666666667,17.3825,14.081666666666669,206.975,5.6,99.0,0,4,13,16,1,2,61.0,69.66878755974722,228.8,39.6,-38.0
2025-04-14 05:50:00,15.1275,78.0,0.0,1013.8366666666668,20.111666666666668,0.0,13.918333333333331,14.209166666666668,167.0,5.3,94.0,0,4,14,5,0,2,86.0,69.40489867085833,228.8,35.2,-8.0
2025-04-14 06:00:00,15.107499999999998,78.15,0.0,1013.8675,19.5075,0.075,13.9,14.2,195.0,5.4,100.0,0,4,14,6,0,2,80.0,69.34934311530277,228.8,31.900000000000002,-20.0
2025-04-14 06:10:00,15.124166666666667,78.48333333333333,0.0,1014.0175,18.8575,0.2416666666666666,13.9,14.2,297.0,5.3,100.0,0,4,14,6,0,2,75.0,69.21045422641389,228.8,20.900000000000002,-25.0
2025-04-14 06:20:00,15.140833333333331,78.81666666666666,0.0,1014.1675,18.207500000000003,0.4083333333333333,13.9,14.2,280.0,5.3,100.0,0,4,14,6,0,2,73.5,69.03684311530277,228.8,17.6,-26.5
2025-04-14 06:30:00,15.1575,79.15,0.0,1014.3175,17.5575,0.575,13.9,14.2,278.3809523809524,5.3,100.0,0,4,14,6,0,2,72.0,68.85281533752499,228.8,17.6,-28.0
2025-04-14 09:50:00,18.43583333333333,71.64166666666667,0.0,1015.1358333333334,20.59,97.93333333333334,16.035833333333336,14.290833333333332,246.0,5.3,97.0,0,4,14,9,0,2,69.5,68.65837089308054,228.8,17.6,-27.5
2025-04-14 10:00:00,18.5225,70.7,0.0,1015.2225,20.76,89.9,16.1375,14.3075,345.0,5.3,100.0,7,4,14,10,0,2,67.0,68.46739867085833,228.8,25.3,-33.0
2025-04-14 10:10:00,18.5725,70.03333333333333,0.0,1015.2725,20.893333333333334,78.56666666666668,16.220833333333335,14.324166666666668,291.0,5.3,100.0,9,4,14,10,0,2,65.5,68.23823200419166,221.1,35.2,-34.5
2025-04-14 10:20:00,18.6225,69.36666666666666,0.0,1015.3225,21.026666666666664,67.23333333333333,16.304166666666667,14.340833333333332,274.0,5.3,100.0,0,4,14,10,0,2,64.0,67.99864867085833,211.2,35.2,-36.0
2025-04-14 10:30:00,18.6725,68.7,0.0,1015.3725,21.16,55.9,16.3875,14.357499999999998,273.1290322580645,5.4,100.0,0,4,14,10,0,2,62.0,67.74864867085833,211.2,35.2,-38.0
2025-04-14 15:30:00,18.145,67.575,0.0,1014.57,21.635,34.1,17.857499999999998,14.857499999999998,247.0,5.4,92.0,0,4,14,15,1,2,60.0,67.48475978196944,211.2,35.2,-32.0
2025-04-14 15:40:00,18.244999999999997,67.74166666666666,0.0,1014.5033333333332,21.935,38.766666666666666,17.874166666666667,14.874166666666667,235.0,5.4,92.77777777777777,7,4,14,15,1,2,86.0,67.26253755974722,211.2,42.900000000000006,-6.7777777777777715
2025-04-14 15:50:00,18.345,67.90833333333333,0.0,1014.4366666666668,22.235,43.43333333333333,17.890833333333333,14.890833333333331,234.36144578313252,5.4,93.55555555555556,9,4,14,15,1,2,79.0,67.21546965851265,205.70000000000002,41.800000000000004,-14.555555555555557
2025-04-15 05:30:00,15.4425,78.275,0.0,1012.7675,20.5225,0.0,14.485,14.8,182.0,5.3,93.0,0,4,15,5,0,2,77.66666666666667,67.11438941159906,206.8,35.2,-15.333333333333329
2025-04-15 05:50:00,15.409166666666668,77.275,0.0,1012.4008333333334,21.289166666666667,0.0,14.418333333333331,14.8,164.0,5.3,79.0,0,4,15,5,0,2,76.33333333333333,67.00790793011758,211.2,35.2,-2.6666666666666714
2025-04-15 06:00:00,15.4225,76.7,0.0,1012.2775,21.7175,0.15,14.4,14.7925,182.0,5.3,93.0,0,4,15,6,0,2,75.0,66.98938941159906,211.2,35.2,-18.0
2025-04-15 06:10:00,15.4725,76.03333333333333,0.0,1012.2275,22.200833333333332,0.4833333333333333,14.4,14.775833333333331,174.0,5.3,100.0,0,4,15,6,0,2,73.0,66.86438941159906,211.2,35.2,-27.0
2025-04-15 06:20:00,15.5225,75.36666666666666,0.0,1012.1775,22.684166666666663,0.8166666666666667,14.4,14.759166666666667,173.5,5.3,100.0,0,4,15,6,0,2,71.0,66.67688941159906,211.2,35.2,-29.0
2025-04-15 06:30:00,15.5725,74.7,0.0,1012.1275,23.167499999999997,1.15,14.4,14.7425,173.0,5.3,100.0,0,4,15,6,0,2,69.5,66.47550052271018,211.2,35.2,-30.5
2025-04-15 08:30:00,17.375,69.575,0.0,1012.73,20.452499999999997,81.9,15.26,14.7,167.0,5.3,100.0,0,4,15,8,0,2,68.0,66.26369496715462,211.2,35.2,-32.0
2025-04-15 08:50:00,17.708333333333336,69.90833333333333,0.0,1012.8633333333332,20.019166666666667,85.9,15.526666666666666,14.7,176.875,5.3,100.0,10,4,15,8,0,2,67.0,66.04147274493239,211.2,46.2,-33.0
2025-04-15 09:00:00,17.8975,69.325,0.0,1012.9225,20.305,104.625,15.69,14.7075,177.75,5.3,100.0,4,4,15,9,0,2,66.0,65.81230607826573,200.2,50.6,-34.0
2025-04-15 12:40:00,20.370833333333337,55.483333333333334,0.0,1013.9516666666666,28.55833333333333,610.3916666666667,19.567500000000003,15.148333333333332,197.0,5.6,98.0,0,4,15,12,1,2,65.0,65.57619496715462,195.79999999999998,50.6,-33.0
2025-04-15 12:50:00,20.454166666666666,55.81666666666666,0.0,1013.9183333333332,28.39166666666667,627.5583333333333,19.7175,15.181666666666668,203.0,5.6,97.0,0,4,15,12,1,2,59.0,65.34702830048795,195.79999999999998,50.6,-38.0
2025-04-15 13:00:00,20.5,55.775,0.0,1013.87,28.33,627.625,19.845,15.215,213.0,5.7,96.0,0,4,15,13,1,2,73.0,65.08313941159906,195.79999999999998,50.6,-23.0
2025-04-15 13:10:00,20.5,55.275,0.0,1013.8033333333332,28.39666666666667,606.7916666666667,19.945,15.248333333333331,223.0,5.6,95.57142857142857,0,4,15,13,1,2,82.0,64.92341718937683,199.1,50.6,-13.57142857142857
2025-04-15 13:20:00,20.5,54.775,0.0,1013.7366666666668,28.46333333333333,585.9583333333333,20.045,15.281666666666666,232.0,5.7,95.14285714285714,0,4,15,13,1,2,80.5,64.82917115763081,210.1,50.6,-14.642857142857139
2025-04-15 14:10:00,20.524166666666662,53.0,0.0,1013.4516666666666,28.530833333333337,517.5583333333333,20.496666666666663,15.448333333333334,260.5,5.7,93.0,0,4,15,14,1,2,79.0,64.7274846496943,213.4,50.6,-14.0
2025-04-15 14:20:00,20.54083333333333,53.0,0.0,1013.4183333333332,28.414166666666667,521.3916666666667,20.563333333333333,15.481666666666666,264.0,5.7,92.57142857142857,0,4,15,14,1,2,77.66666666666667,64.63026242747208,213.4,50.6,-14.904761904761898
2025-04-15 14:30:00,20.5575,53.0,0.0,1013.385,28.297500000000003,525.225,20.630000000000003,15.515,263.94444444444446,5.7,92.14285714285714,0,4,15,14,1,2,76.33333333333333,64.52675713646678,213.4,50.6,-15.80952380952381
2025-04-15 17:20:00,18.65083333333333,65.63333333333334,0.0408333333333333,1013.5,20.26083333333333,125.00833333333333,19.673333333333332,16.04083333333333,263.0,5.8,87.0,0,4,15,17,2,2,69.0,64.41696877667843,213.4,42.9,-18.0
2025-04-15 17:30:00,18.4675,66.3,0.0575,1013.5,19.8775,113.175,19.54,16.0575,235.0,5.7,76.0,0,4,15,17,2,2,87.0,64.29196877667843,213.4,33.0,11.0
2025-04-15 17:40:00,18.284166666666668,66.96666666666667,0.0741666666666666,1013.5,19.494166666666665,101.34166666666668,19.406666666666663,16.074166666666667,234.24324324324326,5.8,76.12162162162163,0,4,15,17,2,2,85.33333333333333,64.36835766556732,213.4,33.0,9.2117117117117
2025-04-15 17:50:00,18.100833333333338,67.63333333333334,0.0908333333333333,1013.5,19.110833333333332,89.50833333333334,19.273333333333333,16.090833333333336,233.48648648648648,5.8,76.24324324324324,0,4,15,17,2,2,83.66666666666667,64.43232788578753,213.4,33.0,7.423423423423429
2025-04-16 05:50:00,15.4,72.09166666666667,0.0,1013.4908333333332,20.7825,0.0,14.218333333333334,15.418333333333331,179.0,5.4,85.0,0,4,16,5,0,2,70.0,64.4838794373391,213.4,33.0,-15.0
2025-04-16 06:00:00,15.4375,71.925,0.0,1013.5375,20.82,0.675,14.2,15.4,192.0,5.4,89.0,1,4,16,6,0,2,61.0,64.37971277067243,213.4,26.4,-28.0
2025-04-16 06:10:00,15.520833333333334,71.75833333333334,0.0,1013.6208333333334,21.086666666666662,2.175,14.2,15.4,190.26666666666668,5.4,99.0,10,4,16,6,0,2,61.21875,64.18526832622798,212.3,27.5,-37.78125
2025-04-16 06:20:00,15.604166666666666,71.59166666666667,0.0,1013.7041666666668,21.35333333333333,3.675,14.2,15.4,188.53333333333333,5.4,98.72727272727273,5,4,16,6,0,2,61.4375,63.92289853456131,201.3,33.0,-37.289772727272734
2025-04-16 08:30:00,17.8475,67.575,0.0,1014.115,19.355,144.875,15.4325,15.2,166.0,5.4,93.0,0,4,16,8,0,2,68.0,63.6639417795108,195.8,33.0,-25.0
2025-04-16 08:40:00,18.064166666666665,67.74166666666666,0.0,1014.1483333333332,19.255000000000003,159.04166666666669,15.615833333333333,15.2,175.0,5.4,100.0,3,4,16,8,0,2,78.0,63.49033066839969,195.8,36.3,-22.0
2025-04-16 08:50:00,18.28083333333333,67.90833333333333,0.0,1014.1816666666668,19.155,173.20833333333331,15.799166666666668,15.2,174.93333333333334,5.4,100.0,10,4,16,8,0,2,90.0,63.337552890621915,192.50000000000003,47.3,-10.0
2025-04-16 09:00:00,18.49,67.55,0.0,1014.23,19.7375,192.925,15.99,15.2075,174.86666666666667,5.4,100.0,3,4,16,9,0,2,87.5,63.26810844617747,184.8,50.6,-12.5
2025-04-16 11:10:00,19.851666666666667,61.24166666666666,0.0,1015.0241666666668,27.97166666666667,149.55,18.096666666666668,15.424166666666668,174.0,5.5,94.0,0,4,16,11,0,2,79.0,63.181302890621915,192.5,50.6,-15.0
2025-04-16 11:20:00,19.81833333333333,61.40833333333334,0.0,1015.0408333333332,27.538333333333338,128.55,18.163333333333338,15.440833333333334,174.1027397260274,5.5,100.0,0,4,16,11,0,2,82.0,63.07713622395525,192.5,50.6,-18.0
2025-04-16 11:30:00,19.785,61.575,0.0,1015.0575,27.105,107.55,18.229999999999997,15.4575,174.2054794520548,5.5,100.0,0,4,16,11,0,2,86.5,62.95213622395525,192.5,39.6,-13.5
2025-04-17 11:30:00,19.5325,62.125,0.5525,1009.9575,25.735000000000003,44.2,17.645,15.857499999999998,189.0,5.5,79.0,0,4,17,11,0,2,91.0,62.85838622395525,192.5,35.2,12.0
2025-04-17 12:00:00,20.0,60.075,0.0,1010.0,26.71,66.425,17.945,15.9,153.0,5.5,71.0,0,4,17,12,1,2,85.0,62.94171955728858,192.5,35.2,14.0
2025-04-17 12:10:00,20.0,60.24166666666666,0.0,1010.0,27.176666666666662,62.925,18.045,15.9,153.3357142857143,5.6,73.42857142857143,0,4,17,12,1,2,84.5,63.0389417795108,192.5,35.2,11.07142857142857
2025-04-17 12:20:00,20.0,60.40833333333334,0.0,1010.0,27.643333333333334,59.425,18.145,15.9,153.67142857142858,5.6,75.85714285714286,0,4,17,12,1,2,84.0,63.11582670014573,192.5,35.2,8.142857142857139
2025-04-18 11:20:00,18.730833333333333,54.733333333333334,0.0,1013.5183333333332,7.710833333333333,570.075,18.2125,14.881666666666666,200.0,5.5,75.4,0,4,18,11,0,2,70.0,63.172374319193345,192.5,35.2,-5.400000000000006
2025-04-18 11:30:00,18.9475,53.4,0.0,1013.485,8.3275,583.575,18.4625,14.915,212.0,5.6,74.8,0,4,18,11,0,2,84.0,63.13487431919335,192.5,35.2,9.200000000000003
2025-04-18 12:00:00,19.5075,50.0,0.0,1013.3925,10.05,611.775,19.1675,15.015,236.0,5.6,73.0,0,4,18,12,1,2,91.0,63.19876320808223,192.5,35.2,18.0
2025-04-18 12:10:00,19.524166666666662,50.0,0.0,1013.3758333333332,10.383333333333336,597.9416666666667,19.317500000000003,15.048333333333332,243.0,5.6,72.4,0,4,18,12,1,2,89.75,63.32376320808223,192.5,35.2,17.349999999999994
2025-04-18 12:20:00,19.54083333333333,50.0,0.0,1013.3591666666669,10.716666666666669,584.1083333333333,19.4675,15.081666666666669,242.51298701298703,5.6,71.8,0,4,18,12,1,2,88.5,63.44424931919335,192.5,35.2,16.700000000000003
2025-04-19 13:50:00,21.345,45.275,0.0,1012.3366666666668,3.1458333333333335,536.5916666666667,21.8175,15.1725,168.0,6.1,50.0,0,4,19,13,1,2,82.4,63.56022154141557,192.5,35.2,32.400000000000006
2025-04-19 14:00:00,21.3625,45.225,0.0,1012.2775,3.1225,512.125,21.9375,15.23,167.38333333333333,6.099563318777292,49.9375,0,4,19,14,1,2,80.0,63.78522154141557,192.5,35.2,30.0625
2025-04-19 14:10:00,21.279166666666665,45.725,0.0,1012.2275,3.1725000000000003,494.625,22.020833333333332,15.296666666666669,166.76666666666668,6.099126637554585,49.875,0,4,19,14,1,2,79.66666666666667,63.99398890252668,192.5,35.2,29.79166666666667
2025-04-21 05:50:00,9.918333333333331,88.275,0.0,1007.7091666666668,1.855,0.0,11.036666666666669,15.918333333333331,20.0,6.0,35.0,0,4,21,5,0,2,79.33333333333333,64.20087547660074,192.5,35.2,44.33333333333333
2025-04-21 06:00:00,9.99,87.775,0.0,1007.7075,1.8375,1.125,11.0075,15.8775,146.0,6.1,43.0,0,4,21,6,0,2,65.0,64.50874584697112,192.5,35.2,22.0
2025-04-21 06:20:00,10.39,86.775,0.0,1007.7408333333332,2.0041666666666664,6.125,11.040833333333332,15.7775,143.0,6.0,74.0,0,4,21,6,0,2,52.0,64.6615236247489,192.5,34.1,-22.0
2025-04-21 06:30:00,10.59,86.275,0.0,1007.7575,2.0875,8.625,11.0575,15.7275,129.0,6.0,68.0,0,4,21,6,0,2,52.254901960784316,64.50874584697112,192.5,23.1,-15.745098039215684
2025-04-21 06:40:00,10.79,85.775,0.0,1007.7741666666668,2.1708333333333334,11.125,11.074166666666668,15.6775,121.0,6.0,65.0,0,4,21,6,0,2,52.509803921568626,64.39940488836545,192.5,17.6,-12.490196078431374
2025-04-21 06:50:00,10.989999999999998,85.275,0.0,1007.7908333333332,2.2541666666666664,13.625,11.090833333333332,15.6275,120.12,6.0,63.0,0,4,21,6,0,2,65.0,64.31266741559858,192.5,17.6,2.0
2025-04-21 07:00:00,11.34,84.325,0.0,1007.8,2.495,22.425,11.1975,15.585,119.24,5.9,61.0,0,4,21,7,0,2,74.0,64.32655630448747,192.5,14.3,13.0
2025-04-21 10:50:00,20.8625,51.09166666666667,0.0,1007.6183333333336,6.953333333333333,572.35,18.898333333333333,15.4,99.0,6.2,49.0,0,4,21,10,0,2,83.0,64.41683408226524,192.5,3.3000000000000003,34.0
2025-04-21 11:00:00,21.105,50.85,0.0,1007.5775,7.2575,591.9,19.2575,15.415,198.0,6.3,75.0,0,4,21,11,0,2,88.0,64.65294519337635,192.5,0.0,13.0
2025-04-21 11:10:00,21.33833333333333,50.516666666666666,0.0,1007.5275,7.607499999999999,607.2333333333333,19.6075,15.448333333333334,163.0,6.2,63.0,0,4,21,11,0,2,87.66666666666667,64.74322297115413,192.5,0.0,24.66666666666667
2025-04-21 11:20:00,21.571666666666665,50.18333333333333,0.0,1007.4775,7.9575,622.5666666666667,19.957500000000003,15.481666666666666,161.55752212389382,6.198019801980198,62.743362831858406,0,4,21,11,0,2,87.33333333333333,64.91451926745043,192.5,0.0,24.589970501474923
2025-04-21 11:30:00,21.805,49.85,0.0,1007.4275,8.3075,637.9,20.307499999999997,15.515,160.1150442477876,6.196039603960396,62.48672566371681,0,4,21,11,0,2,81.0,65.08528295148844,192.5,0.0,18.51327433628319
2025-04-22 06:20:00,12.830833333333334,92.36666666666666,0.0,1008.3041666666668,10.275833333333336,4.083333333333333,13.140833333333331,16.45916666666667,126.0,6.0,69.0,0,4,22,6,0,2,80.57142857142857,65.21384735660153,192.5,0.0,11.57142857142857
2025-04-22 06:30:00,13.0475,91.7,0.0,1008.3875,10.5925,5.75,13.1575,16.4425,113.0,5.9,64.0,0,4,22,6,0,2,80.14285714285714,65.29420449945866,192.5,0.0,16.14285714285714
2025-04-22 06:40:00,13.264166666666668,91.03333333333332,0.0,1008.4708333333334,10.909166666666668,7.416666666666666,13.174166666666668,16.425833333333333,107.0,5.9,62.0,0,4,22,6,0,2,72.0,65.40630767406184,192.5,0.0,10.0
2025-04-22 06:50:00,13.480833333333331,90.36666666666666,0.0,1008.5541666666668,11.225833333333334,9.083333333333332,13.190833333333334,16.409166666666664,101.0,5.9,60.0,0,4,22,6,0,2,57.0,65.47575211850628,192.5,0.0,-3.0
2025-04-22 07:20:00,14.4575,87.95833333333334,0.0,1008.7225,11.0325,41.03333333333333,13.69,16.31833333333333,142.0,5.9,81.0,0,4,22,7,0,2,58.27272727272727,65.45491878517295,192.5,0.0,-22.727272727272727
2025-04-22 07:30:00,14.8075,87.125,0.0,1008.7725,10.8825,53.7,13.89,16.285,130.0,5.9,77.0,0,4,22,7,0,2,59.54545454545455,65.29709050234467,192.5,0.0,-17.454545454545453
2025-04-22 07:40:00,15.1575,86.29166666666666,0.0,1008.8225,10.7325,66.36666666666666,14.09,16.251666666666665,122.0,5.9,75.5,0,4,22,7,0,2,71.0,65.17587838113255,192.5,0.0,-4.5
2025-04-22 07:50:00,15.5075,85.45833333333334,0.0,1008.8725,10.5825,79.03333333333333,14.29,16.218333333333334,120.89285714285714,5.9,74.0,0,4,22,7,0,2,74.0,65.14462838113255,192.5,0.0,0.0
2025-04-22 08:00:00,15.88,83.875,0.0,1008.9225,10.755,98.375,14.52,16.1925,119.78571428571429,5.9,72.33333333333333,0,4,22,8,0,2,81.5,65.14462838113255,192.5,0.0,9.166666666666671
2025-04-22 12:30:00,23.075,42.125,0.0,1010.0425,12.8275,625.725,23.0775,16.615,181.0,6.2,75.0,3,4,22,12,1,2,89.0,65.20828578853995,192.5,3.3000000000000003,14.0
2025-04-22 12:40:00,23.241666666666667,41.29166666666667,0.0,1010.0258333333334,12.7775,619.5583333333333,23.360833333333336,16.648333333333333,149.0,6.1,66.0,10,4,22,12,1,2,88.63636363636364,65.30550801076217,189.2,14.3,22.63636363636364
2025-04-22 12:50:00,23.408333333333335,40.45833333333333,0.0,1010.0091666666668,12.7275,613.3916666666667,23.644166666666667,16.681666666666665,143.66666666666666,6.1,61.0,10,4,22,12,1,2,88.27272727272727,65.46270498045914,178.2,25.3,27.272727272727266
2025-04-22 13:00:00,23.5375,39.85,0.0,1009.9775,12.535,603.925,23.8825,16.7225,138.33333333333334,6.1,59.5,10,4,22,13,1,2,81.7,65.65209891985309,167.2,36.3,22.200000000000003
2025-04-22 13:10:00,23.620833333333337,39.516666666666666,0.0,1009.9275,12.168333333333331,590.425,24.065833333333337,16.7725,133.0,6.1,58.0,10,4,22,13,1,2,81.4,65.80626558651974,156.2,47.3,23.400000000000006
2025-04-22 13:20:00,23.704166666666666,39.18333333333333,0.0,1009.8775,11.801666666666666,576.925,24.249166666666667,16.822499999999998,131.76470588235293,6.125,57.55555555555556,10,4,22,13,1,2,79.0,65.96876558651974,145.2,58.3,21.444444444444443
2025-04-22 13:30:00,23.7875,38.85,0.0,1009.8275,11.435,563.425,24.432499999999997,16.8725,130.52941176470588,6.15,57.111111111111114,10,4,22,13,1,2,67.0,66.11768533960617,134.2,69.3,9.888888888888886
2025-04-22 16:00:00,24.8325,33.075,0.0,1008.8075,14.4375,500.75,26.1775,17.5225,112.0,6.3,50.0,3,4,22,16,1,2,76.0,66.18635817911235,123.20000000000002,72.6,26.0
2025-04-22 16:20:00,24.5325,33.40833333333333,0.0,1008.8408333333332,14.604166666666666,450.75,26.077499999999997,17.6225,159.0,6.2,67.0,0,4,22,16,1,2,81.5,66.36691373466789,119.9,72.6,14.5
2025-04-22 16:30:00,24.3825,33.575,0.0,1008.8575,14.6875,425.75,26.027499999999996,17.6725,158.47321428571428,6.2,62.0,0,4,22,16,1,2,87.0,66.46760817911235,119.9,72.6,25.0
2025-04-22 16:40:00,24.2325,33.74166666666667,0.0,1008.8741666666668,14.770833333333334,400.75,25.9775,17.7225,157.94642857142858,6.2,60.5,0,4,22,16,1,2,86.72727272727273,66.64121929022345,119.9,72.6,26.227272727272734
2025-04-23 11:00:00,23.1,42.925,0.0,1010.4775,14.175,527.85,21.22,16.8075,100.0,6.1,50.0,0,4,23,11,0,2,86.45454545454545,66.8233531286073,119.9,72.6,36.45454545454545
2025-04-23 11:10:00,23.1,42.75833333333333,0.0,1010.4275,14.341666666666663,507.5166666666667,21.486666666666668,16.824166666666667,97.94117647058823,6.1090909090909085,49.666666666666664,0,4,23,11,0,2,65.0,67.07650969426386,119.9,72.6,15.333333333333336
2025-04-23 11:20:00,23.1,42.59166666666667,0.0,1010.3775,14.508333333333333,487.1833333333333,21.753333333333337,16.840833333333332,95.88235294117646,6.118181818181818,49.333333333333336,0,4,23,11,0,2,64.625,67.18299117574534,119.9,72.6,15.291666666666664
2025-04-23 13:50:00,24.381666666666668,36.18333333333333,0.0,1009.2183333333336,10.5025,537.3,25.771666666666665,17.46333333333333,65.0,6.3,44.0,0,4,23,13,1,2,64.25,67.28918330537498,119.9,72.6,20.25
2025-04-24 09:50:00,20.444166666666668,53.641666666666666,0.0,1007.0183333333332,4.2091666666666665,418.3333333333333,19.64333333333333,17.190833333333334,0.0,6.2,33.0,0,4,24,9,0,2,56.0,67.42980830537498,119.9,72.6,23.0
2025-04-24 10:00:00,20.735000000000003,52.625,0.0,1006.985,4.1475,442.825,20.1025,17.2075,56.0,6.2,36.0,0,4,24,10,0,2,49.0,67.5895305275972,119.9,72.6,13.0
2025-04-24 10:10:00,21.035000000000004,51.791666666666664,0.0,1006.9516666666666,4.030833333333334,464.6583333333333,20.5525,17.22416666666667,55.9697133585722,6.2,39.0,0,4,24,10,0,2,49.05882352941177,67.67980830537498,119.9,72.6,10.058823529411768
2025-04-24 10:20:00,21.335,50.95833333333333,0.0,1006.9183333333332,3.9141666666666666,486.4916666666667,21.0025,17.240833333333335,55.9394267171444,6.2,39.333333333333336,0,4,24,10,0,2,49.11764705882353,67.74966124655144,126.50000000000001,72.6,9.784313725490193
2025-05-07 06:10:00,15.586666666666668,93.55,0.0,1008.8966666666668,4.825,7.975,17.024166666666666,21.451666666666668,0.0,6.8,21.0,7,5,7,6,0,2,54.0,67.81760786964512,137.5,80.3,33.0
2025-05-07 06:20:00,15.853333333333332,92.55,0.0,1008.9633333333334,5.325,13.475,17.04083333333333,21.418333333333333,1.5,6.7,36.0,0,5,7,6,0,2,70.0,68.04677453631179,129.8,80.3,34.0
2025-05-07 06:30:00,16.119999999999997,91.55,0.0,1009.03,5.825,18.975,17.0575,21.385,3.0,6.6,34.0,0,5,7,6,0,2,74.5,68.2828856474229,129.8,80.3,40.5
2025-05-07 08:30:00,20.795,64.075,0.0,1009.585,4.025,248.025,19.88,21.0425,21.0,6.7,29.0,10,5,7,8,0,2,79.0,68.5641356474229,129.8,91.3,50.0
2025-05-07 08:40:00,21.22833333333333,60.90833333333334,0.0,1009.5516666666666,3.8583333333333334,275.8583333333333,20.28,21.02583333333333,37.0,6.9,44.0,8,5,7,8,0,2,78.2,68.91135786964512,118.80000000000001,100.10000000000001,34.2
2025-05-07 08:50:00,21.661666666666665,57.74166666666666,0.0,1009.5183333333332,3.6916666666666664,303.69166666666666,20.68,21.009166666666665,193.0,6.6,45.5,0,5,7,8,0,2,77.4,69.14885786964513,110.0,96.80000000000001,31.900000000000006
2025-05-07 09:00:00,22.02,55.1,0.0,1009.4925,3.66,330.1,21.11,21.0,191.53333333333333,6.7,47.0,4,5,7,9,0,2,60.0,69.37038564742289,110.0,90.2,13.0
2025-05-07 11:20:00,25.1675,36.775,0.0,1009.4591666666668,10.2925,603.4416666666667,27.2575,21.18166666666667,171.0,7.1,47.0,10,5,7,11,0,2,60.0,69.46066342520068,105.60000000000001,90.2,13.0
2025-05-07 11:40:00,25.4675,35.775,0.0,1009.4258333333332,11.5925,629.1083333333333,27.9575,21.248333333333335,555.0,7.0,64.0,0,5,7,11,0,2,72.0,69.55094120297845,94.60000000000001,79.2,8.0
2025-05-07 11:50:00,25.6175,35.275,0.0,1009.4091666666668,12.2425,641.9416666666667,28.307499999999997,21.281666666666663,473.0,7.1,61.666666666666664,0,5,7,11,0,2,71.93333333333334,69.606496758534,94.60000000000001,68.2,10.266666666666673
2025-05-07 12:00:00,25.7525,34.7,0.0,1009.385,12.8775,652.3,28.619999999999997,21.315,443.0,7.1,59.333333333333336,0,5,7,12,1,2,71.86666666666666,69.6777930548303,94.60000000000001,57.2,12.533333333333324
2025-05-07 12:10:00,25.869166666666665,34.03333333333333,0.0,1009.3516666666668,13.494166666666668,659.6333333333333,28.886666666666667,21.348333333333336,421.0,7.0,57.0,0,5,7,12,1,2,67.0,69.76483009186734,94.60000000000001,46.2,10.0
2025-05-07 12:20:00,25.985833333333336,33.36666666666667,0.0,1009.3183333333334,14.110833333333336,666.9666666666667,29.153333333333336,21.381666666666668,405.0,7.1,56.666666666666664,0,5,7,12,1,2,79.0,69.83427453631178,105.60000000000001,42.900000000000006,22.333333333333336
2025-05-07 12:30:00,26.1025,32.7,0.0,1009.285,14.7275,674.3,29.42,21.415,390.0,7.1,56.333333333333336,0,5,7,12,1,2,87.0,69.98936712890438,116.60000000000001,42.900000000000006,30.666666666666664
2025-05-07 13:40:00,26.548333333333336,29.51666666666667,0.0,1008.8291666666668,16.151666666666667,701.1583333333333,30.91583333333333,21.648333333333333,322.0,7.2,54.0,0,5,7,13,1,2,86.44444444444444,70.20233009186734,126.50000000000001,42.900000000000006,32.44444444444444
2025-05-07 13:50:00,26.581666666666667,29.18333333333333,0.0,1008.7458333333334,16.118333333333332,702.9916666666667,31.09916666666667,21.681666666666665,308.0,7.1,52.5,0,5,7,13,1,2,85.88888888888889,70.42763873384266,126.50000000000001,42.900000000000006,33.388888888888886
2025-05-07 14:00:00,26.630000000000003,28.85,0.0,1008.655,15.9875,693.65,31.275,21.7225,294.0,7.1,51.0,0,5,7,14,1,2,79.0,70.65950601779326,126.50000000000001,42.900000000000006,28.0
2025-05-07 14:10:00,26.69666666666667,28.51666666666667,0.0,1008.555,15.7375,670.65,31.44166666666667,21.7725,281.0,7.0,40.0,0,5,7,14,1,2,78.83870967741936,70.85395046223772,126.50000000000001,42.900000000000006,38.83870967741936
2025-05-07 14:20:00,26.763333333333332,28.18333333333333,0.0,1008.4550000000002,15.4875,647.65,31.608333333333334,21.8225,271.0,7.1,45.0,0,5,7,14,1,2,78.6774193548387,71.12366372388645,126.50000000000001,42.900000000000006,33.677419354838705
2025-05-07 14:30:00,26.83,27.85,0.0,1008.355,15.2375,624.65,31.775,21.8725,260.0,7.1,50.0,0,5,7,14,1,2,68.0,71.35753469162839,126.50000000000001,42.900000000000006,18.0
2025-05-07 14:40:00,26.89666666666667,27.51666666666667,0.0,1008.255,14.9875,601.65,31.94166666666667,21.9225,223.0,7.2,40.0,0,5,7,14,1,2,67.91082802547771,71.48253469162839,126.50000000000001,42.900000000000006,27.910828025477713
2025-05-07 15:00:00,26.925,27.225,0.0,1008.1075,13.8875,556.625,32.2075,22.03,577.0,7.1,72.0,0,5,7,15,1,2,67.82165605095541,71.67635988624977,126.50000000000001,42.900000000000006,-4.178343949044589
2025-05-07 15:10:00,26.758333333333333,27.725,0.0,1008.1241666666668,12.304166666666664,535.7916666666667,32.22416666666667,22.096666666666668,489.0,7.2,65.0,0,5,7,15,1,2,72.0,71.64734360882585,126.50000000000001,42.900000000000006,7.0
2025-05-07 15:20:00,26.59166666666667,28.225,0.0,1008.1408333333331,10.720833333333331,514.9583333333333,32.240833333333335,22.163333333333338,463.0,7.2,61.0,0,5,7,15,1,2,75.5,71.69595471993696,133.10000000000002,42.900000000000006,14.5
2025-05-07 15:30:00,26.425,28.725,0.0,1008.1575,9.1375,494.125,32.2575,22.229999999999997,444.0,7.2,60.0,0,5,7,15,1,2,79.0,71.7966491643814,133.10000000000002,35.2,19.0
2025-05-07 15:40:00,26.258333333333333,29.225,0.0,1008.1741666666668,7.554166666666665,473.2916666666667,32.274166666666666,22.296666666666663,424.0,7.1,59.0,0,5,7,15,1,2,78.5,71.92859360882585,133.10000000000002,35.2,19.5
2025-05-07 15:50:00,26.09166666666667,29.725,0.0,1008.1908333333334,5.970833333333333,452.4583333333333,32.29083333333333,22.363333333333333,409.0,7.1,58.0,0,5,7,15,1,2,78.0,72.06401027549252,133.10000000000002,35.2,20.0
2025-05-07 16:00:00,25.925,30.525,0.0,1008.1775,5.25,436.425,32.285,22.415,394.0,7.1,57.7,0,5,7,16,1,2,70.0,72.2028991643814,133.10000000000002,24.2,12.299999999999997
2025-05-07 16:10:00,25.758333333333333,31.69166666666667,0.0,1008.1275,5.583333333333333,426.2583333333333,32.251666666666665,22.44833333333333,383.0,7.1,57.4,0,5,7,16,1,2,69.0,72.28831583104807,133.10000000000002,15.4,11.600000000000001
2025-05-07 17:30:00,24.4825,38.15,0.0,1007.8425,5.49,288.0,31.4675,22.715,301.0,7.1,55.0,0,5,7,17,2,2,48.0,72.36887138660363,133.10000000000002,15.4,-7.0
2025-05-07 17:40:00,24.332500000000003,38.483333333333334,0.0,1007.8258333333332,5.023333333333333,261.33333333333337,31.28416666666667,22.748333333333335,293.0,7.1,54.869565217391305,0,5,7,17,2,2,50.5,72.32026027549252,133.10000000000002,11.0,-4.369565217391305
2025-05-07 17:50:00,24.1825,38.81666666666667,0.0,1007.8091666666666,4.556666666666667,234.66666666666669,31.100833333333338,22.781666666666663,289.5,7.05,54.73913043478261,0,5,7,17,2,2,53.0,72.28991607259397,133.10000000000002,0.0,-1.7391304347826093
2025-05-08 01:00:00,18.3325,74.45,0.0,1008.04,12.205000000000002,0.0,20.925,22.785,166.0,6.7,49.0,0,5,8,1,3,2,53.0,72.27783877790797,133.10000000000002,0.0,4.0
2025-05-08 01:10:00,18.182499999999997,75.45,0.0,1007.9066666666668,11.771666666666668,0.0,20.758333333333333,22.75166666666667,148.0,6.6,39.0,0,5,8,1,3,2,60.5,72.30561655568575,133.10000000000002,0.0,21.5
2025-05-08 01:20:00,18.0325,76.45,0.0,1007.7733333333332,11.338333333333336,0.0,20.591666666666665,22.718333333333337,148.13793103448276,6.7,39.310344827586206,0,5,8,1,3,2,68.0,72.4549221112413,133.10000000000002,0.0,28.689655172413794
2025-05-08 01:30:00,17.8825,77.45,0.0,1007.64,10.905,0.0,20.425,22.685,148.27586206896552,6.7,39.62068965517241,0,5,8,1,3,2,81.0,72.65415582771641,133.10000000000002,0.0,41.37931034482759
2025-05-08 06:00:00,15.99,72.7,0.0,1006.9675,7.445,2.1,17.7075,22.0925,152.0,6.7,48.0,9,5,8,6,0,2,78.5,72.94151214955548,133.10000000000002,9.9,30.5
2025-05-08 06:10:00,16.19,72.03333333333333,0.0,1007.1175,7.545,6.7666666666666675,17.72416666666667,22.075833333333335,375.0,6.6,76.0,10,5,8,6,0,2,76.0,73.15331770511104,123.2,20.9,0.0
2025-05-08 06:20:00,16.39,71.36666666666666,0.0,1007.2675,7.645,11.433333333333334,17.740833333333335,22.059166666666663,336.0,6.5,73.5,6,5,8,6,0,2,75.57142857142857,73.15331770511104,112.2,27.5,2.0714285714285694
2025-05-08 06:30:00,16.59,70.7,0.0,1007.4175,7.745,16.1,17.7575,22.0425,320.0,6.6,71.0,0,5,8,6,0,2,61.0,73.16770262574595,105.60000000000001,27.5,-10.0
2025-05-08 06:40:00,16.79,70.03333333333333,0.0,1007.5675,7.845000000000001,20.76666666666667,17.774166666666666,22.02583333333333,307.0,6.6,69.66666666666667,0,5,8,6,0,2,43.666666666666664,73.0982581813015,105.60000000000001,27.5,-26.000000000000007
2025-05-08 06:50:00,16.990000000000002,69.36666666666666,0.0,1007.7175,7.945,25.433333333333337,17.79083333333333,22.009166666666665,297.0,6.6,68.33333333333333,0,5,8,6,0,2,51.333333333333336,72.91770262574596,105.60000000000001,27.5,-16.999999999999993
2025-05-08 07:00:00,17.265,68.4,0.0,1007.83,8.022499999999999,33.175,17.89,21.985,291.5,6.6,67.0,0,5,8,7,0,2,53.0,72.79964707019039,105.60000000000001,27.5,-14.0
2025-05-08 07:10:00,17.631666666666668,67.06666666666666,0.0,1007.8966666666668,8.072500000000002,44.675,18.09,21.951666666666668,286.0,6.6,65.5,0,5,8,7,0,2,56.0,72.70242484796817,105.60000000000001,27.5,-9.5
2025-05-08 07:20:00,17.998333333333335,65.73333333333333,0.0,1007.9633333333334,8.122499999999999,56.175,18.29,21.918333333333333,282.4,6.6,64.0,0,5,8,7,0,2,89.0,72.63645262574595,105.60000000000001,27.5,25.0
2025-05-08 07:30:00,18.365,64.4,0.0,1008.03,8.172500000000001,67.675,18.49,21.885,278.8,6.7,63.25,0,5,8,7,0,2,85.5,72.81006373685706,105.60000000000001,27.5,22.25
2025-05-08 08:00:00,19.3975,60.4,0.0,1008.2225,8.4575,98.725,19.119999999999997,21.7925,268.0,6.6,61.0,0,5,8,8,0,2,82.0,72.96457762574595,105.60000000000001,27.5,21.0
2025-05-08 08:20:00,19.830833333333334,57.733333333333334,0.0,1008.3225,9.1575,106.39166666666668,19.653333333333332,21.759166666666665,412.0,6.6,86.0,0,5,8,8,0,2,80.66666666666667,73.11041095907927,105.60000000000001,27.5,-5.333333333333329
2025-05-08 08:30:00,20.047500000000003,56.4,0.0,1008.3725,9.5075,110.225,19.92,21.7425,356.0,6.4,80.0,0,5,8,8,0,2,79.33333333333333,73.07337392204225,105.60000000000001,27.5,-0.6666666666666714
2025-05-08 08:40:00,20.264166666666668,55.06666666666666,0.0,1008.4225,9.8575,114.05833333333332,20.186666666666667,21.725833333333338,331.0,6.5,75.0,0,5,8,8,0,2,78.0,73.06874429241262,105.60000000000001,27.5,3.0
2025-05-08 08:50:00,20.480833333333333,53.733333333333334,0.0,1008.4725,10.2075,117.89166666666668,20.453333333333333,21.70916666666667,313.0,6.5,73.5,0,5,8,8,0,2,77.91176470588235,73.08957762574595,105.60000000000001,27.5,4.411764705882348
2025-05-08 09:00:00,20.7425,52.175,0.0,1008.5,10.4675,130.35,20.7725,21.7,300.0,6.6,72.0,0,5,8,9,0,2,67.0,73.12021488064791,105.60000000000001,27.5,-5.0
2025-05-08 09:10:00,21.059166666666663,50.34166666666667,0.0,1008.5,10.6175,153.35,21.155833333333337,21.7,288.0,6.6,69.5,0,5,8,9,0,2,65.0,73.0854926584257,105.60000000000001,27.5,-4.5
2025-05-08 09:20:00,21.375833333333333,48.50833333333333,0.0,1008.5,10.767500000000002,176.35,21.539166666666667,21.7,277.0,6.6,67.0,0,5,8,9,0,2,64.0,73.0542426584257,105.60000000000001,27.5,-3.0
2025-05-08 09:30:00,21.692500000000003,46.675,0.0,1008.5,10.9175,199.35,21.9225,21.7,267.0,6.6,65.5,0,5,8,9,0,2,53.0,73.03340932509235,105.60000000000001,27.5,-12.5
2025-05-08 09:40:00,22.009166666666665,44.84166666666667,0.0,1008.5,11.0675,222.35,22.305833333333332,21.7,258.0,6.6,64.0,0,5,8,9,0,2,42.0,72.94660376953681,105.60000000000001,27.5,-22.0
2025-05-08 09:50:00,22.325833333333332,43.00833333333334,0.0,1008.5,11.2175,245.35,22.689166666666665,21.7,250.0,6.6,62.0,0,5,8,9,0,2,42.15068493150685,72.79382599175902,105.60000000000001,27.5,-19.849315068493148
2025-05-08 10:00:00,22.605,41.625,0.0,1008.515,11.6,275.85,23.0875,21.7,243.0,6.6,60.0,0,5,8,10,0,2,42.3013698630137,72.6559835260056,105.60000000000001,27.5,-17.698630136986303
2025-05-08 10:10:00,22.83833333333333,40.79166666666667,0.0,1008.5483333333334,12.266666666666667,315.5166666666667,23.504166666666663,21.7,360.0,6.6,86.0,2,5,8,10,0,2,53.0,72.53307637227653,105.60000000000001,29.700000000000003,-33.0
2025-05-08 10:20:00,23.071666666666665,39.95833333333333,0.0,1008.5816666666668,12.933333333333334,355.18333333333334,23.92083333333333,21.7,302.0,6.6,79.0,10,5,8,10,0,2,71.0,72.30390970560987,103.4,40.7,-8.0
2025-05-08 10:30:00,23.305,39.125,0.0,1008.615,13.6,394.85,24.3375,21.7,292.5,6.55,77.66666666666667,4,5,8,10,0,2,85.0,72.24835415005431,92.4,35.2,7.333333333333329
2025-05-08 10:40:00,23.538333333333338,38.29166666666667,0.0,1008.6483333333332,14.26666666666667,434.5166666666667,24.754166666666663,21.7,283.0,6.5,76.33333333333333,0,5,8,10,0,2,84.84615384615384,72.29928007598023,88.0,24.200000000000003,8.512820512820511
2025-05-08 10:50:00,23.771666666666665,37.45833333333333,0.0,1008.6816666666668,14.933333333333334,474.1833333333333,25.17083333333333,21.7,269.0,6.6,75.0,0,5,8,10,0,2,83.0,72.35839688509704,88.0,17.6,8.0
2025-05-08 11:00:00,23.9375,36.85,0.0,1008.7075,15.607500000000002,501.55,25.535,21.7075,254.0,6.7,73.0,0,5,8,11,0,2,82.25,72.4139524406526,88.0,17.6,9.25
2025-05-08 11:10:00,24.020833333333332,36.516666666666666,0.0,1008.7241666666666,16.29083333333333,513.8833333333333,25.834999999999997,21.72416666666667,242.0,6.7,71.0,0,5,8,11,0,2,81.5,72.47818855176371,88.0,17.6,10.5
2025-05-08 11:20:00,24.104166666666664,36.18333333333333,0.0,1008.7408333333332,16.97416666666667,526.2166666666667,26.135,21.740833333333335,234.0,6.7,69.5,0,5,8,11,0,2,83.0,72.55110521843037,88.0,17.6,13.5
2025-05-08 11:30:00,24.1875,35.85,0.0,1008.7575,17.6575,538.55,26.435,21.7575,225.0,6.7,68.0,0,5,8,11,0,2,91.0,72.64485521843037,88.0,17.6,23.0
2025-05-08 11:40:00,24.270833333333332,35.516666666666666,0.0,1008.7741666666668,18.340833333333332,550.8833333333333,26.734999999999996,21.774166666666662,216.0,6.7,67.0,0,5,8,11,0,2,86.0,72.8045774406526,88.0,17.6,19.0
2025-05-08 11:50:00,24.354166666666664,35.18333333333333,0.0,1008.7908333333332,19.024166666666662,563.2166666666667,27.035000000000004,21.79083333333333,212.33333333333334,6.7,66.0,0,5,8,11,0,2,84.5,72.93652188509704,88.0,17.6,18.5
2025-05-08 12:00:00,24.3775,35.075,0.0,1008.815,19.31,556.05,27.275,21.8075,208.66666666666666,6.6,65.0,0,5,8,12,1,2,83.0,73.06499410731925,88.0,17.6,18.0
2025-05-08 12:40:00,24.1775,35.74166666666667,0.0,1008.9483333333334,18.51,432.05,27.94166666666667,21.874166666666667,194.0,6.6,59.0,0,5,8,12,1,2,82.4,73.18999410731925,88.0,17.6,23.400000000000006
2025-05-08 12:50:00,24.1275,35.90833333333333,0.0,1008.9816666666668,18.31,401.05,28.10833333333333,21.890833333333333,273.0,6.8,73.0,3,5,8,12,1,2,81.8,73.35249410731927,88.0,20.900000000000002,8.799999999999997
2025-05-08 13:00:00,24.145000000000003,36.0,0.0,1008.97,18.035,389.775,28.29,21.9075,248.0,6.6,82.0,10,5,8,13,1,2,52.0,73.41360521843038,84.7,31.900000000000002,-30.0
2025-05-08 13:10:00,24.245,36.0,0.0,1008.9033333333332,17.668333333333333,402.60833333333335,28.49,21.924166666666665,225.0,6.6,80.5,3,5,8,13,1,2,51.965753424657535,73.20527188509703,73.7,35.2,-28.534246575342465
2025-05-08 13:20:00,24.345,36.0,0.0,1008.8366666666668,17.301666666666666,415.4416666666667,28.69,21.940833333333337,211.0,6.6,79.0,0,5,8,13,1,2,51.93150684931507,73.0071173949905,70.4,35.2,-27.06849315068493
2025-05-08 13:30:00,24.445,36.0,0.0,1008.77,16.935,428.275,28.889999999999997,21.9575,208.66666666666666,6.7,77.66666666666667,0,5,8,13,1,2,46.0,72.81914174811074,70.4,35.2,-31.66666666666667
2025-05-08 13:40:00,24.545,36.0,0.0,1008.7033333333331,16.568333333333335,441.1083333333333,29.089999999999996,21.97416666666667,206.33333333333334,6.6,76.33333333333333,0,5,8,13,1,2,37.0,72.59923434070333,70.4,35.2,-39.33333333333333
2025-05-08 15:20:00,21.295833333333334,49.63333333333333,0.0,1008.9366666666668,6.571666666666667,66.88333333333334,28.09166666666667,22.281666666666663,183.0,6.6,69.0,0,5,8,15,1,2,40.0,72.32608619255518,70.4,35.2,-29.0
2025-05-08 15:30:00,21.2125,50.3,0.0,1008.87,6.805,52.55,27.925,22.315,236.0,6.7,87.0,0,5,8,15,1,2,43.0,72.1246973036663,70.4,35.2,-44.0
2025-05-08 15:40:00,21.129166666666663,50.96666666666667,0.0,1008.8033333333336,7.038333333333334,38.21666666666666,27.758333333333333,22.348333333333333,234.24528301886792,6.5,85.33333333333333,0,5,8,15,1,2,46.0,71.81914174811074,70.4,35.2,-39.33333333333333
2025-05-08 15:50:00,21.045833333333334,51.63333333333334,0.0,1008.7366666666668,7.271666666666667,23.883333333333333,27.59166666666667,22.381666666666668,232.49056603773585,6.6,83.66666666666667,0,5,8,15,1,2,64.5,71.5459935999626,80.30000000000001,35.2,-19.16666666666667
2025-05-09 00:20:00,15.9,74.81666666666666,0.0,1009.4183333333332,6.1775,0.0,18.795833333333334,22.059166666666663,143.0,6.5,70.0,0,5,9,0,3,2,83.0,71.41289174811074,88.00000000000001,35.2,13.0
2025-05-09 00:30:00,15.9,75.15,0.0,1009.385,6.1274999999999995,0.0,18.7125,22.0425,127.0,6.4,61.0,0,5,9,0,3,2,79.0,71.50316952588851,88.00000000000001,33.0,18.0
2025-05-09 00:40:00,15.9,75.48333333333333,0.0,1009.3516666666668,6.0775,0.0,18.629166666666663,22.02583333333333,127.0,6.5,61.21875,0,5,9,0,3,2,77.5,71.62816952588851,88.00000000000001,22.0,16.28125
2025-05-09 00:50:00,15.9,75.81666666666666,0.0,1009.3183333333332,6.0275,0.0,18.545833333333334,22.009166666666665,127.0,6.4,61.4375,0,5,9,0,3,2,76.0,71.74123376199962,88.00000000000001,17.6,14.5625
2025-05-09 05:50:00,14.390833333333331,89.81666666666666,0.0,1008.8725,5.3725000000000005,0.0,15.236666666666668,21.218333333333337,127.0,6.7,68.0,0,5,9,5,0,2,74.0,71.84236223422185,88.00000000000001,17.6,6.0
2025-05-09 06:00:00,14.565,89.325,0.0,1008.9,5.565,0.9,15.245,21.185,153.0,6.7,78.0,0,5,9,6,0,2,72.0,71.88402890088851,88.00000000000001,17.6,-6.0
2025-05-09 06:10:00,14.931666666666668,87.825,0.0,1008.9,5.931666666666667,2.9,15.345,21.151666666666664,156.0,6.6,90.0,3,5,9,6,0,2,69.0,71.84236223422185,88.00000000000001,20.900000000000002,-21.0
2025-05-09 06:20:00,15.298333333333336,86.325,0.0,1008.9,6.298333333333334,4.9,15.445,21.118333333333332,159.0,6.6,87.5,10,5,9,6,0,2,87.0,71.69652890088851,84.70000000000002,31.900000000000002,-0.5
2025-05-09 08:30:00,19.82,56.65,0.0,1009.2,9.5225,71.425,18.235,20.8425,198.0,6.7,79.0,0,5,9,8,0,2,85.5,71.6930566786663,73.70000000000002,31.900000000000002,6.5
2025-05-09 08:40:00,20.086666666666662,53.65,0.0,1009.2,9.905833333333334,77.925,18.535,20.825833333333332,245.0,6.7,82.0,0,5,9,8,0,2,84.0,71.73819556755518,73.70000000000002,31.900000000000002,2.0
2025-05-09 08:50:00,20.35333333333333,50.65,0.0,1009.2,10.289166666666668,84.425,18.835,20.809166666666663,269.0,6.7,86.5,0,5,9,8,0,2,82.66666666666667,71.75208445644407,73.70000000000002,31.900000000000002,-3.8333333333333286
2025-05-09 09:00:00,20.65,48.175,0.0,1009.215,10.4775,106.6,19.2025,20.7925,293.0,6.7,91.0,0,5,9,9,0,2,81.33333333333333,71.72546408607371,73.70000000000002,31.900000000000002,-9.666666666666671
2025-05-09 09:10:00,20.983333333333334,46.34166666666667,0.0,1009.2483333333332,10.427499999999998,147.93333333333334,19.6525,20.77583333333333,323.0,6.7,85.0,0,5,9,9,0,2,80.0,71.65833445644407,73.70000000000002,31.900000000000002,-5.0
2025-05-09 09:20:00,21.316666666666663,44.50833333333333,0.0,1009.2816666666664,10.3775,189.26666666666668,20.1025,20.759166666666665,321.8467741935484,6.7,84.5,0,5,9,9,0,2,62.5,71.62361223422185,73.70000000000002,31.900000000000002,-22.0
2025-05-09 09:30:00,21.65,42.675,0.0,1009.315,10.3275,230.6,20.5525,20.7425,320.69354838709677,6.7,84.0,0,5,9,9,0,2,82.0,71.47083445644407,84.70000000000002,28.6,-2.0
2025-05-10 05:50:00,13.1725,95.09166666666668,0.0,1011.8725,11.19,0.0,14.118333333333334,20.1275,180.0,6.5,70.0,0,5,10,5,0,2,76.0,71.45694556755518,95.70000000000002,17.6,6.0
2025-05-10 06:00:00,13.3275,94.7,0.0,1011.93,11.5775,2.85,14.1375,20.085,251.0,6.5,84.0,0,5,10,6,0,2,73.0,71.49861223422185,106.70000000000002,14.3,-11.0
2025-05-10 06:10:00,13.610833333333332,94.03333333333332,0.0,1011.9966666666668,12.194166666666668,9.183333333333334,14.220833333333337,20.05166666666667,289.0,6.3,91.0,0,5,10,6,0,2,71.5,71.42222334533295,117.70000000000002,14.3,-19.5
2025-05-10 06:20:00,13.894166666666669,93.36666666666666,0.0,1012.0633333333332,12.810833333333337,15.516666666666666,14.304166666666664,20.018333333333334,245.0,6.3,89.75,0,5,10,6,0,2,70.0,71.2868066786663,128.70000000000002,14.3,-19.75
2025-05-10 06:30:00,14.1775,92.7,0.0,1012.13,13.4275,21.85,14.3875,19.985,247.05,6.4,88.5,0,5,10,6,0,2,68.5,71.14965390088851,139.70000000000002,14.3,-20.0
2025-05-10 09:40:00,21.138333333333332,55.1,0.0,1012.4,20.8125,449.4083333333333,19.805833333333332,19.6,286.0,6.5,82.4,0,5,10,9,0,2,67.0,71.01076501199962,150.70000000000002,14.3,-15.400000000000006
2025-05-10 11:00:00,22.244999999999997,48.775,0.0075,1012.5075,20.195,609.725,22.750000000000004,19.7075,322.0,6.6,80.0,0,5,10,11,0,2,65.5,70.90382056755519,161.70000000000002,14.3,-14.5
2025-05-10 11:10:00,22.345,48.275,0.0241666666666666,1012.5241666666668,19.961666666666662,613.5583333333333,23.083333333333336,19.72416666666667,324.3333333333333,6.6,79.66666666666667,0,5,10,11,0,2,64.0,70.80312612311074,172.70000000000002,14.3,-15.666666666666671
2025-05-10 11:20:00,22.445,47.775,0.0408333333333333,1012.5408333333332,19.72833333333333,617.3916666666667,23.416666666666668,19.740833333333335,326.6666666666667,6.6,79.33333333333333,0,5,10,11,0,2,62.5,70.69432982681445,183.70000000000002,14.3,-16.83333333333333
2025-05-10 21:10:00,17.206666666666667,76.93333333333334,0.0,1012.5241666666668,10.730833333333331,0.0,21.561666666666664,21.1,293.0,6.4,65.0,0,5,10,21,3,2,61.0,70.5774316786663,194.70000000000002,14.3,-4.0
2025-05-10 21:20:00,17.07333333333333,78.26666666666667,0.0,1012.5408333333332,10.614166666666666,0.0,21.328333333333333,21.1,259.0,6.3,52.0,0,5,10,21,3,2,60.4,70.54965390088852,205.70000000000002,14.3,8.399999999999999
2025-05-10 21:30:00,16.94,79.6,0.0,1012.5575,10.4975,0.0,21.095,21.1,257.72549019607845,6.4,52.254901960784316,0,5,10,21,3,2,59.8,70.60798723422185,216.70000000000002,14.3,7.545098039215681
2025-05-10 21:40:00,16.806666666666665,80.93333333333334,0.0,1012.5741666666668,10.380833333333332,0.0,20.861666666666668,21.1,256.45098039215685,6.4,52.509803921568626,0,5,10,21,3,2,55.0,70.66038374838308,227.70000000000002,14.3,2.4901960784313744
2025-05-11 05:50:00,13.945833333333336,94.0,0.0,1011.7816666666664,9.573333333333334,0.0,15.236666666666668,20.118333333333332,194.0,6.3,65.0,0,5,11,5,0,2,50.0,70.67767677670551,227.70000000000002,14.3,-15.0
2025-05-11 06:00:00,14.005,93.55,0.0,1011.7925,9.5525,2.625,15.2225,20.0925,217.66666666666666,6.3500000000000005,74.0,0,5,11,6,0,2,50.10204081632653,70.57351011003885,227.70000000000002,14.3,-23.89795918367347
2025-05-11 06:10:00,14.238333333333332,92.55,0.0,1011.7758333333334,9.669166666666666,8.458333333333334,15.2725,20.075833333333335,241.33333333333334,6.4,83.0,0,5,11,6,0,2,50.204081632653065,70.40755206015223,227.70000000000002,11.0,-32.795918367346935
2025-05-11 06:20:00,14.471666666666668,91.55,0.0,1011.7591666666668,9.785833333333333,14.291666666666668,15.3225,20.059166666666663,265.0,6.3,88.0,0,5,11,6,0,2,52.0,70.17980262704565,227.70000000000002,0.0,-36.0
2025-05-11 06:30:00,14.705000000000002,90.55,0.0,1011.7425,9.9025,20.125,15.3725,20.0425,238.0,6.3,87.66666666666667,0,5,11,6,0,2,55.0,69.92980262704565,227.70000000000002,0.0,-32.66666666666667
2025-05-11 06:40:00,14.938333333333336,89.55,0.0,1011.7258333333332,10.019166666666669,25.958333333333336,15.4225,20.02583333333333,239.7058823529412,6.3,87.33333333333333,0,5,11,6,0,2,78.0,69.7029507751938,227.70000000000002,0.0,-9.333333333333329
2025-05-11 10:40:00,22.815833333333337,43.55,0.0,1011.3516666666668,10.248333333333331,401.575,23.48,19.874166666666667,305.0,6.4,81.0,0,5,11,10,0,2,76.0,69.63813596037897,227.70000000000002,0.0,-5.0
2025-05-11 10:50:00,22.999166666666667,42.55,0.0,1011.3183333333332,10.281666666666668,385.075,23.880000000000003,19.890833333333333,310.5,6.5,80.57142857142857,0,5,11,10,0,2,74.0,69.60341373815676,227.70000000000002,0.0,-6.571428571428569
2025-05-11 11:00:00,23.145000000000003,41.925,0.0,1011.2925,10.18,370.3,24.2575,19.9075,316.0,6.4,80.14285714285714,0,5,11,11,0,2,73.0,69.55777881752185,227.70000000000002,0.0,-7.142857142857139
2025-05-12 03:50:00,13.4,95.90833333333332,0.0,1008.5366666666666,6.260000000000001,0.0,15.6275,19.618333333333332,197.0,6.2,72.0,0,5,12,3,3,2,72.0,69.50817564291867,227.70000000000002,0.0,0.0
2025-05-12 04:00:00,13.4,95.925,0.0,1008.4625,6.505,0.0,15.57,19.585,178.0,6.2,57.0,0,5,12,4,3,2,65.33333333333333,69.50817564291867,227.70000000000002,0.0,8.333333333333329
2025-05-12 04:10:00,13.4,95.75833333333334,0.0,1008.3791666666666,6.071666666666667,0.0,15.503333333333334,19.55166666666667,179.54545454545453,6.3,58.27272727272727,0,5,12,4,3,2,74.0,69.56604601328905,227.70000000000002,0.0,15.727272727272727
2025-05-12 04:20:00,13.4,95.59166666666668,0.0,1008.2958333333332,5.638333333333334,0.0,15.436666666666667,19.518333333333334,181.0909090909091,6.3,59.54545454545455,0,5,12,4,3,2,72.0,69.67526318500622,227.70000000000002,0.0,12.454545454545453
2025-05-12 05:50:00,13.763333333333332,93.18333333333334,0.0,1008.0,3.191666666666667,0.0,15.109166666666669,19.218333333333337,195.0,6.3,71.0,0,5,12,5,0,2,70.0,69.76175308399611,227.70000000000002,0.0,-1.0
2025-05-12 06:00:00,13.8675,92.7,0.0,1008.0075,3.2425000000000006,1.275,15.1225,19.1925,208.0,6.3,74.0,0,5,12,6,0,2,68.5,69.75480863955167,227.70000000000002,0.0,-5.5
2025-05-12 06:10:00,14.017500000000002,92.03333333333332,0.0,1008.0241666666668,3.559166666666667,4.1083333333333325,15.1725,19.175833333333333,264.0,6.4,81.5,0,5,12,6,0,2,67.0,69.71661419510723,227.70000000000002,0.0,-14.5
2025-05-12 06:20:00,14.1675,91.36666666666666,0.0,1008.0408333333332,3.8758333333333335,6.9416666666666655,15.2225,19.159166666666668,270.0,6.4,89.0,0,5,12,6,0,2,65.5,69.61591975066278,227.70000000000002,0.0,-23.5
2025-05-12 06:30:00,14.3175,90.7,0.0,1008.0575,4.1925,9.775,15.2725,19.1425,271.0,6.4,88.63636363636364,0,5,12,6,0,2,64.0,69.45272530621834,227.70000000000002,0.0,-24.63636363636364
2025-05-12 06:40:00,14.4675,90.03333333333333,0.0,1008.0741666666668,4.509166666666667,12.608333333333333,15.3225,19.125833333333333,272.0,6.4,88.27272727272727,0,5,12,6,0,2,63.0,69.28163944763247,227.70000000000002,0.0,-25.272727272727266
2025-05-12 10:40:00,21.638333333333332,48.06666666666667,0.0741666666666666,1007.7258333333332,3.4225000000000003,581.4166666666667,22.95416666666667,19.074166666666667,326.0,6.5,81.7,0,5,12,10,0,2,55.0,69.10613439712742,227.70000000000002,0.0,-26.700000000000003
2025-05-12 10:50:00,21.871666666666663,46.733333333333334,0.0908333333333333,1007.7091666666668,3.4725,603.0833333333333,23.370833333333337,19.090833333333336,330.1111111111111,6.5,81.4,0,5,12,10,0,2,52.0,68.92071773046077,227.70000000000002,0.0,-29.400000000000006
2025-05-12 12:10:00,22.548333333333332,44.483333333333334,0.1483333333333333,1007.2516666666668,7.710833333333333,544.5166666666667,25.7625,19.348333333333336,363.0,6.5,79.0,0,5,12,12,1,2,64.0,68.7165510637941,238.70000000000002,0.0,-15.0
2025-05-13 05:50:00,13.4,86.275,0.0,1008.0725,8.335833333333333,0.9083333333333334,14.436666666666667,19.509166666666665,194.0,6.2,67.0,0,5,13,5,0,2,68.0,68.61238439712743,245.3,0.0,1.0
2025-05-13 06:00:00,13.55,85.325,0.0,1008.13,8.52,4.15,14.4375,19.485,255.0,6.3,76.0,0,5,13,6,0,2,72.0,68.61932884157187,245.3,0.0,-4.0
2025-05-13 06:10:00,13.883333333333336,83.825,0.0,1008.1966666666668,8.786666666666667,11.15,14.520833333333334,19.451666666666668,374.0,6.4,81.5,0,5,13,6,0,2,71.0,68.5915510637941,245.3,0.0,-10.5
2025-05-13 06:20:00,14.216666666666669,82.325,0.0,1008.2633333333332,9.053333333333333,18.15,14.604166666666666,19.418333333333333,363.0,6.3,87.0,0,5,13,6,0,2,70.0,68.51863439712743,245.3,0.0,-17.0
2025-05-13 06:30:00,14.55,80.825,0.0,1008.3300000000002,9.32,25.15,14.6875,19.385,363.5625,6.3,86.72727272727273,0,5,13,6,0,2,50.0,68.40057884157187,245.3,0.0,-36.727272727272734
2025-05-13 06:40:00,14.883333333333336,79.325,0.0,1008.3966666666668,9.586666666666668,32.15,14.770833333333334,19.351666666666667,364.125,6.3,86.45454545454545,0,5,13,6,0,2,56.0,68.14552833652137,245.3,0.0,-30.454545454545453
2025-05-14 09:40:00,21.7125,45.61666666666667,0.0,1012.0258333333334,11.355,445.6,20.880000000000003,19.4,325.0,6.1,65.0,0,5,14,9,0,2,57.5,67.93403843753146,245.3,0.0,-7.5
2025-05-14 09:50:00,21.9625,43.28333333333333,0.0,1012.0091666666668,11.255,473.6,21.28,19.4,325.0571428571429,6.0,64.625,0,5,14,9,0,2,59.0,67.88195510419813,245.3,0.0,-5.625
2025-05-14 10:00:00,22.175,41.625,0.0,1012.0225,11.2,499.05,21.6875,19.4075,325.1142857142857,6.0,64.25,0,5,14,10,0,2,58.75,67.84289260419813,245.3,0.0,-5.5
2025-05-14 15:30:00,24.0,42.0,0.0,1011.285,8.8825,406.975,28.8725,20.415,327.0,6.1,56.0,0,5,14,15,1,2,58.5,67.80469815975368,245.3,0.0,2.5
2025-05-14 15:40:00,24.0,42.0,0.0,1011.2516666666668,8.7325,399.14166666666665,28.922500000000003,20.448333333333338,292.0,6.0,49.0,0,5,14,15,1,2,46.0,67.8220592708648,245.3,0.0,-3.0
2025-05-14 15:50:00,24.0,42.0,0.0,1011.2183333333336,8.5825,391.30833333333334,28.972500000000004,20.481666666666666,290.70588235294116,6.1,49.05882352941177,6,5,14,15,1,2,53.0,67.80122593753146,245.3,6.6000000000000005,3.941176470588232
2025-05-14 16:00:00,23.9625,42.075,0.0,1011.2075,8.4475,379.425,28.97,20.5225,289.4117647058824,6.1,49.11764705882353,10,5,14,16,1,2,60.0,67.82859521857722,238.70000000000002,17.6,10.882352941176471
2025-05-15 05:50:00,15.054166666666664,85.275,0.0,1010.0366666666666,5.963333333333333,0.0,16.109166666666667,20.218333333333337,182.0,6.1,54.0,0,5,15,5,0,2,59.5,67.90416711400206,227.7,17.6,5.5
2025-05-15 06:00:00,15.145,85.0,0.0,1009.9625,6.15,0.0,16.115000000000002,20.185,368.0,6.2,70.0,0,5,15,6,0,2,59.0,67.9423615584465,227.7,17.6,-11.0
2025-05-15 06:10:00,15.245,85.0,0.0,1009.8791666666666,6.4833333333333325,0.0,16.148333333333333,20.151666666666664,342.5,6.2,74.5,0,5,15,6,0,2,57.0,67.8659726695576,227.7,17.6,-17.5
2025-05-15 06:20:00,15.345,85.0,0.0,1009.7958333333332,6.816666666666667,0.0,16.18166666666667,20.118333333333332,317.0,6.2,79.0,0,5,15,6,0,2,56.4,67.74444489177984,227.7,17.6,-22.6
2025-05-15 06:30:00,15.445,85.0,0.0,1009.7125,7.15,0.0,16.215,20.085,292.0,6.2,78.2,0,5,15,6,0,2,55.8,67.58750044733539,227.7,17.6,-22.400000000000006
2025-05-15 06:40:00,15.544999999999998,85.0,0.0,1009.6291666666666,7.4833333333333325,0.0,16.248333333333335,20.051666666666662,292.6666666666667,6.2,77.4,0,5,15,6,0,2,54.0,67.43194489177982,227.7,17.6,-23.400000000000006
2025-05-15 14:30:00,21.695,54.025,0.0575,1006.7825,18.81,43.575,25.035000000000004,20.4425,324.0,6.0,60.0,0,5,15,14,1,2,48.0,67.26944489177983,227.7,17.6,-12.0
2025-05-15 18:30:00,17.3275,84.85,0.2274999999999999,1004.5125,13.8325,0.85,19.6975,20.4425,271.0,6.0,60.0,0,5,15,18,2,2,48.078125,67.1861115584465,227.7,17.6,-11.921875
2025-05-15 18:40:00,17.2775,84.51666666666667,0.1775,1004.4291666666666,14.015833333333331,0.5166666666666667,19.580833333333334,20.425833333333333,359.0,6.0,72.0,0,5,15,18,2,2,48.15625,67.10332075983538,227.7,17.6,-23.84375
2025-05-15 18:50:00,17.2275,84.18333333333334,0.1274999999999999,1004.3458333333332,14.199166666666668,0.1833333333333333,19.464166666666664,20.409166666666664,318.0,6.1,71.93333333333334,0,5,15,18,2,2,53.0,66.93773916261316,227.7,17.6,-18.933333333333337
2025-05-15 19:00:00,17.185,83.85,0.0925,1004.24,14.2475,0.0,19.354999999999997,20.4,310.0,6.1,71.86666666666666,0,5,15,19,2,2,58.0,66.80625768113168,238.7,17.6,-13.86666666666666
2025-05-16 08:20:00,16.671666666666667,81.73333333333333,0.0,998.8,13.330000000000002,14.941666666666666,17.145,18.8,240.0,6.1,67.0,10,5,16,8,0,2,63.0,66.70996138483538,245.29999999999998,28.6,-4.0
2025-05-16 08:30:00,16.905,80.4,0.0,998.8,12.73,17.775,17.244999999999997,18.8,286.0,6.1,79.0,10,5,16,8,0,2,68.0,66.68218360705761,234.3,39.6,-11.0
2025-05-16 08:40:00,17.138333333333332,79.06666666666666,0.0,998.8,12.13,20.60833333333333,17.345,18.8,300.0,6.3,87.0,9,5,16,8,0,2,66.5,66.60579471816872,223.3,49.5,-20.5
2025-05-16 08:50:00,17.371666666666666,77.73333333333333,0.0,998.8,11.53,23.441666666666663,17.445,18.8,299.3,6.3,86.44444444444444,0,5,16,8,0,2,65.0,66.46343360705761,213.4,49.5,-21.444444444444443
2025-05-16 09:00:00,17.6125,76.625,0.0,998.83,11.2375,41.05,17.6125,18.7925,298.6,6.2,85.88888888888889,0,5,16,9,0,2,64.57142857142857,66.31451385397118,213.4,49.5,-21.317460317460316
2025-05-16 10:20:00,19.163333333333338,69.95833333333334,0.0,999.4041666666668,13.251666666666663,221.44166666666663,19.3675,18.740833333333335,293.0,6.2,79.0,0,5,16,10,0,2,53.0,66.16647593509994,213.4,49.5,-26.0
2025-05-16 10:30:00,19.229999999999997,69.125,0.0,999.4875,13.885,214.275,19.5175,18.7575,292.35238095238094,6.194444444444445,78.83870967741936,0,5,16,10,0,2,56.0,65.98592037954438,213.4,49.5,-22.83870967741936
2025-05-16 10:40:00,19.296666666666663,68.29166666666666,0.0,999.5708333333334,14.518333333333334,207.10833333333335,19.667499999999997,18.774166666666662,291.7047619047619,6.188888888888889,78.6774193548387,0,5,16,10,0,2,72.0,65.82731822900675,213.4,49.5,-6.677419354838705
2025-05-17 03:50:00,12.145833333333332,71.0,0.0,1007.0908333333332,10.063333333333333,0.0,14.036666666666669,18.2275,225.0,6.1,68.0,0,5,17,3,3,2,71.0,65.78094726126481,213.4,49.5,3.0
2025-05-17 04:00:00,12.0775,71.0,0.0,1007.1,10.1975,0.0,13.97,18.185,224.71153846153845,6.1,67.91082802547771,0,5,17,4,3,2,70.0,65.80178059459814,213.4,49.5,2.089171974522287
2025-05-17 04:10:00,12.0275,71.0,0.0,1007.1,10.414166666666668,0.0,13.903333333333332,18.151666666666664,224.42307692307693,6.1,67.82165605095541,0,5,17,4,3,2,69.0,65.8162887333101,213.4,49.5,1.1783439490445886
2025-05-18 06:10:00,10.221666666666668,83.1,0.0,1015.6208333333334,6.907500000000001,12.358333333333333,11.945,16.851666666666667,352.0,6.1,72.0,6,5,18,6,0,2,51.0,65.8244716774007,213.4,49.5,-21.0
2025-05-18 06:20:00,10.788333333333332,81.1,0.0,1015.7041666666668,7.2575,20.191666666666663,12.045,16.81833333333333,308.0,6.3,75.5,0,5,18,6,0,2,44.0,65.67863834406735,206.79999999999998,38.5,-31.5
2025-05-18 06:30:00,11.355,79.1,0.0,1015.7875,7.6075,28.025,12.145,16.785,290.0,6.3,79.0,0,5,18,6,0,2,44.625,65.45988834406735,206.79999999999998,38.5,-34.375
2025-05-18 06:40:00,11.921666666666669,77.1,0.0,1015.8708333333334,7.9575,35.858333333333334,12.245,16.751666666666665,291.0,6.2,78.5,0,5,18,6,0,2,49.0,65.22117306628958,206.79999999999998,38.5,-29.5
2025-05-18 06:50:00,12.488333333333332,75.1,0.0,1015.9541666666668,8.307500000000001,43.69166666666667,12.345,16.718333333333334,292.0,6.3,78.0,0,5,18,6,0,2,52.0,65.01631195517847,206.79999999999998,38.5,-26.0
2025-05-18 09:50:00,19.60833333333333,53.825,0.0,1016.6633333333332,13.489166666666666,490.3333333333333,17.725833333333334,16.5,310.0,6.2,70.0,0,5,18,9,0,2,55.0,64.83575639962291,216.7,38.5,-15.0
2025-05-18 10:00:00,19.7525,52.7,0.0,1016.715,13.73,514.75,18.027499999999996,16.515,316.0,6.2,69.0,0,5,18,10,0,2,68.0,64.73158973295625,224.39999999999998,38.5,-1.0
2025-05-18 10:10:00,19.869166666666665,52.03333333333334,0.0,1016.7483333333332,13.796666666666669,536.4166666666667,18.31083333333333,16.548333333333332,255.0,6.1,48.0,0,5,18,10,0,2,64.0,64.7246452885118,224.39999999999998,38.5,16.0
2025-05-18 10:20:00,19.985833333333336,51.36666666666666,0.0,1016.7816666666664,13.863333333333332,558.0833333333333,18.594166666666663,16.581666666666667,291.5,6.1,50.5,0,5,18,10,0,2,63.0,64.83575639962291,224.39999999999998,38.5,12.5
2025-05-18 10:30:00,20.1025,50.7,0.0,1016.815,13.929999999999998,579.75,18.8775,16.615,328.0,6.1,53.0,0,5,18,10,0,2,62.0,64.92256195517847,224.39999999999998,38.5,9.0
2025-05-19 08:20:00,19.135,71.875,0.0,1016.4408333333332,7.1658333333333335,241.6,17.194166666666668,17.6,198.0,6.1,53.0,0,5,19,8,0,2,61.0,64.98506195517847,224.39999999999998,38.5,8.0
2025-05-19 08:30:00,19.435,69.375,0.0,1016.4575,7.6825,269.6,17.4775,17.6,311.5,6.15,60.5,0,5,19,8,0,2,60.625,65.04061751073402,224.39999999999998,38.5,0.125
2025-05-19 08:40:00,19.735,66.875,0.0,1016.4741666666666,8.199166666666667,297.6,17.76083333333333,17.6,425.0,6.2,68.0,0,5,19,8,0,2,60.25,65.04148556628958,224.39999999999998,38.5,-7.75
2025-05-19 08:50:00,20.035,64.375,0.0,1016.4908333333332,8.715833333333332,325.6,18.044166666666666,17.6,459.0,6.3,81.0,0,5,19,8,0,2,52.333333333333336,64.98766612184514,224.39999999999998,27.5,-28.666666666666664
2025-05-19 09:00:00,20.3125,62.25,0.0,1016.5075,9.195,354.5,18.35,17.615000000000002,430.0,6.3,78.5,0,5,19,9,0,2,50.0,64.78859204777105,224.39999999999998,16.5,-28.5
2025-05-19 09:10:00,20.5625,60.583333333333336,0.0,1016.5241666666668,9.628333333333334,384.5,18.68333333333333,17.648333333333333,429.06666666666666,6.3,76.0,0,5,19,9,0,2,49.0,64.59067538110439,224.39999999999998,6.6000000000000005,-27.0
2025-05-19 09:20:00,20.8125,58.916666666666664,0.0,1016.5408333333332,10.061666666666666,414.5,19.016666666666666,17.68166666666667,428.1333333333333,6.3,75.57142857142857,0,5,19,9,0,2,70.0,64.40317538110439,234.29999999999998,6.6000000000000005,-5.571428571428569
2025-05-19 14:00:00,24.0075,36.075,0.0,1015.5775,14.745,730.9,25.660000000000004,18.6225,402.0,6.2,61.0,0,5,19,14,1,2,68.0,64.36448490491392,234.29999999999998,6.6000000000000005,7.0
2025-05-19 14:20:00,24.04083333333333,36.40833333333333,0.0,1015.4775,14.945,721.5666666666667,25.926666666666662,18.7225,322.25,6.2,43.666666666666664,0,5,19,14,1,2,66.0,64.41309601602502,234.29999999999998,6.6000000000000005,22.333333333333336
2025-05-19 14:30:00,24.0575,36.575,0.0,1015.4275,15.044999999999998,716.9,26.06,18.7725,325.5,6.2,51.333333333333336,0,5,19,14,1,2,64.66666666666667,64.56818860861762,234.29999999999998,6.6000000000000005,13.333333333333336
2025-05-20 05:50:00,15.218333333333334,96.275,0.0,1015.5816666666668,2.4275,0.0,17.318333333333335,19.309166666666663,195.0,6.3,53.0,0,5,20,5,0,2,63.333333333333336,64.66078120121023,234.29999999999998,6.6000000000000005,10.333333333333336
2025-05-20 06:00:00,15.23,95.85,0.0,1015.6375,2.3325,0.525,17.315,19.2925,399.0,6.4,56.0,0,5,20,6,0,2,62.0,64.73254046046947,234.29999999999998,6.6000000000000005,6.0
2025-05-20 06:10:00,15.296666666666669,95.51666666666668,0.0,1015.7208333333334,2.1825,1.6916666666666669,17.348333333333336,19.27583333333333,664.0,6.4,89.0,0,5,20,6,0,2,61.5,64.77420712713614,234.29999999999998,6.6000000000000005,-27.5
2025-05-20 06:20:00,15.363333333333332,95.18333333333334,0.0,1015.8041666666668,2.0325,2.8583333333333334,17.381666666666668,19.259166666666665,513.0,6.5,85.5,0,5,20,6,0,2,49.0,64.58323490491392,234.29999999999998,6.6000000000000005,-36.5
2025-05-20 06:30:00,15.429999999999998,94.85,0.0,1015.8875,1.8825,4.025,17.415,19.2425,488.0,6.5,82.0,0,5,20,6,0,2,57.0,64.3297626826917,245.29999999999998,0.0,-25.0
2025-05-20 06:40:00,15.496666666666666,94.51666666666668,0.0,1015.9708333333334,1.7325,5.191666666666667,17.448333333333334,19.225833333333338,478.0,6.5,80.66666666666667,0,5,20,6,0,2,66.0,64.15615157158058,251.89999999999998,0.0,-14.666666666666671
2025-05-20 06:50:00,15.563333333333333,94.18333333333334,0.0,1016.0541666666668,1.5825,6.358333333333333,17.481666666666666,19.20916666666667,471.0,6.5,79.33333333333333,0,5,20,6,0,2,64.0,64.05429971972872,251.89999999999998,0.0,-15.333333333333329
2025-05-20 07:00:00,15.72,93.4,0.0,1016.1225,1.5525,9.775,17.567500000000003,19.1925,470.26666666666665,6.5,78.0,0,5,20,7,0,2,62.0,63.94781823824725,251.89999999999998,0.0,-16.0
2025-05-20 07:10:00,15.986666666666668,92.06666666666666,0.0,1016.1725,1.669166666666667,15.941666666666668,17.7175,19.175833333333333,469.53333333333336,6.5,77.91176470588235,0,5,20,7,0,2,61.4,63.83670712713614,251.89999999999998,0.0,-16.51176470588235
2025-05-20 14:20:00,27.5,41.40833333333333,0.0,1014.6366666666668,9.955,660.8083333333333,30.518333333333334,20.059166666666663,438.0,6.6,67.0,0,5,20,14,1,2,60.8,63.722042094456405,251.89999999999998,0.0,-6.200000000000003
2025-05-20 14:30:00,27.5,41.575,0.0,1014.57,9.855,632.975,30.485000000000003,20.0425,434.38461538461536,6.5,65.0,0,5,20,14,1,2,50.0,63.678986538900844,251.89999999999998,0.0,-15.0
2025-05-20 14:40:00,27.5,41.74166666666667,0.0,1014.5033333333332,9.755,605.1416666666667,30.451666666666664,20.02583333333333,430.7692307692308,6.5,64.0,0,5,20,14,1,2,59.0,63.57481987223418,251.89999999999998,0.0,-5.0
2025-05-20 22:30:00,18.7125,66.7,0.0,1013.5575,7.610000000000001,0.0,21.067500000000003,21.1,306.0,6.4,53.0,0,5,20,22,3,2,68.0,63.54009765001196,251.89999999999998,0.0,15.0
2025-05-20 22:40:00,18.629166666666663,66.03333333333333,0.0,1013.5741666666668,8.076666666666666,0.0,20.884166666666665,21.1,274.0,6.3,42.0,0,5,20,22,3,2,66.5,63.64426431667862,251.89999999999998,0.0,24.5
2025-05-20 22:50:00,18.545833333333334,65.36666666666666,0.0,1013.5908333333332,8.543333333333333,0.0,20.700833333333335,21.1,273.9583333333333,6.4,42.15068493150685,0,5,20,22,3,2,65.0,63.814403205567515,251.89999999999998,0.0,22.849315068493148
2025-05-20 23:00:00,18.485,65.075,0.015,1013.555,8.8825,0.0,20.547500000000003,21.0925,273.9166666666667,6.4,42.3013698630137,0,5,20,23,3,2,64.33333333333333,63.973079004654274,251.89999999999998,0.0,22.03196347031963
2025-05-21 10:50:00,23.93583333333333,57.458333333333336,0.0,1011.1541666666668,24.442500000000003,243.33333333333337,23.571666666666665,20.29083333333333,298.0,6.5,53.0,0,5,21,10,0,2,63.666666666666664,64.12607875097594,251.89999999999998,0.0,10.666666666666664
2025-05-21 11:00:00,23.955,57.075,0.0,1011.1625,24.9125,229.175,23.7375,20.3075,650.0,6.4,71.0,0,5,21,11,0,2,52.0,64.20015282505,251.89999999999998,0.0,-19.0
2025-05-21 11:30:00,23.655,57.575,0.0,1010.9125,25.6625,183.675,23.9875,20.3575,445.256,6.6,85.0,0,5,21,11,0,2,42.0,64.06820838060555,251.89999999999998,0.0,-43.0
2025-05-21 11:40:00,23.555,57.74166666666666,0.0,1010.8291666666668,25.9125,168.50833333333335,24.070833333333333,20.374166666666667,444.512,6.5,84.84615384615384,0,5,21,11,0,2,42.16949152542373,63.76959726949445,251.89999999999998,0.0,-42.67666232073011
2025-05-22 08:40:00,21.7125,54.80833333333334,0.0,1009.4741666666666,6.215,307.8916666666667,20.78,20.5,501.0,6.4,83.0,0,5,22,8,0,2,42.33898305084746,63.473231558933826,251.89999999999998,0.0,-40.66101694915254
2025-05-22 08:50:00,21.9625,53.641666666666666,0.0,1009.4908333333332,6.914999999999999,335.05833333333334,21.18,20.5,489.0,6.4,82.25,0,5,22,8,0,2,52.0,63.190863385675826,251.89999999999998,0.0,-30.25
2025-05-22 09:00:00,22.19,52.55,0.0,1009.5,7.675,361.775,21.58,20.5,487.0551181102362,6.3,81.5,0,5,22,9,0,2,55.0,62.98079394123138,251.89999999999998,0.0,-26.5
2025-05-23 06:10:00,16.83833333333333,96.55,0.0,1006.7208333333334,7.131666666666666,14.05,17.7725,21.651666666666664,608.0,6.4,83.0,0,5,23,6,0,2,71.0,62.796766163453604,251.89999999999998,0.0,-12.0
2025-05-23 06:20:00,17.071666666666665,95.55,0.0,1006.8041666666668,7.498333333333333,23.05,17.822499999999998,21.618333333333332,638.0,6.4,91.0,0,5,23,6,0,2,69.0,62.71343283012027,251.89999999999998,0.0,-22.0
2025-05-23 06:30:00,17.305,94.55,0.0,1006.8875,7.865,32.05,17.8725,21.585,542.0,6.5,86.0,0,5,23,6,0,2,67.0,62.56065505234249,251.89999999999998,0.0,-19.0
2025-05-23 06:40:00,17.538333333333334,93.55,0.0,1006.9708333333334,8.231666666666667,41.05,17.9225,21.551666666666662,495.0,6.4,84.5,0,5,23,6,0,2,66.4,62.42871060789805,251.89999999999998,0.0,-18.099999999999994
2025-05-23 06:50:00,17.771666666666665,92.55,0.0,1007.0541666666668,8.598333333333334,50.05,17.9725,21.518333333333334,485.0,6.4,83.0,0,5,23,6,0,2,65.8,62.30301616345361,251.89999999999998,0.0,-17.200000000000003
2025-05-23 07:00:00,18.1175,90.575,0.0,1007.085,8.9125,65.275,18.1125,21.5,479.0,6.4,82.4,0,5,23,7,0,2,58.0,62.183571719009166,251.89999999999998,0.0,-24.400000000000006
2025-05-23 07:10:00,18.600833333333338,87.40833333333333,0.0,1007.0516666666666,9.1625,88.10833333333332,18.3625,21.5,477.672,6.3,81.8,0,5,23,7,0,2,39.0,62.01412727456471,251.89999999999998,0.0,-42.8
2025-05-24 03:50:00,17.645833333333336,93.09166666666668,0.0,1006.9275,12.255,0.0,19.755000000000003,22.018333333333334,313.0,6.4,52.0,0,5,24,3,3,2,39.53125,61.71690505234249,251.89999999999998,0.0,-12.46875
2025-05-24 04:00:00,17.5925,93.075,0.0,1006.885,12.41,0.0,19.6625,21.9925,312.19607843137254,6.399038461538462,51.965753424657535,0,5,24,4,3,2,40.0625,61.630316510675826,251.89999999999998,0.0,-11.903253424657535
2025-05-24 04:10:00,17.575833333333335,93.24166666666666,0.0,1006.8516666666668,12.876666666666663,0.0,19.579166666666666,21.975833333333338,311.3921568627451,6.398076923076923,51.93150684931507,0,5,24,4,3,2,53.0,61.54765502856014,262.9,0.0,1.0684931506849296
2025-05-25 05:20:00,16.104166666666664,74.63333333333334,0.0,1005.8816666666664,18.445,0.0,16.95916666666667,20.45916666666667,190.0,6.3,46.0,0,5,25,5,0,2,42.0,61.55507511988435,262.9,0.0,-4.0
2025-05-25 05:30:00,16.1875,75.3,0.0,1005.915,18.545,0.0,16.9425,20.4425,171.0,6.2,37.0,0,5,25,5,0,2,42.18181818181818,61.52729734210657,262.9,0.0,5.18181818181818
2025-05-25 05:40:00,16.270833333333332,75.96666666666667,0.0,1005.9483333333334,18.645000000000003,0.0,16.925833333333333,20.425833333333333,178.33333333333334,6.3,40.0,0,5,25,5,0,2,42.36363636363637,61.56328219059142,262.9,0.0,2.363636363636367
2025-05-25 05:50:00,16.354166666666664,76.63333333333334,0.0,1005.9816666666668,18.744999999999997,0.0,16.909166666666664,20.409166666666664,185.66666666666666,6.3,43.0,0,5,25,5,0,2,52.0,61.57969633200556,262.9,0.0,9.0
2025-05-25 06:00:00,16.482499999999998,76.7,0.0,1006.0075,18.5375,0.75,16.9225,20.385,193.0,6.3,46.0,9,5,25,6,0,2,56.0,61.64219633200556,262.9,9.9,10.0
2025-05-25 06:10:00,16.66583333333333,76.03333333333333,0.0,1006.0241666666668,17.95416666666667,2.4166666666666665,16.9725,20.351666666666667,624.0,6.4,64.5,7,5,25,6,0,2,63.5,61.711640776450004,253.0,17.6,-1.0
2025-05-25 06:20:00,16.84916666666667,75.36666666666666,0.0,1006.0408333333332,17.370833333333334,4.083333333333333,17.0225,20.31833333333333,559.0,6.4,83.0,0,5,25,6,0,2,71.0,61.70469633200556,245.3,17.6,-12.0
2025-05-25 06:30:00,17.0325,74.7,0.0,1006.0575,16.7875,5.75,17.072499999999998,20.285,493.0,6.3,79.0,0,5,25,6,0,2,69.66666666666667,61.621362998672225,245.3,17.6,-9.333333333333329
2025-05-25 06:40:00,17.215833333333332,74.03333333333333,0.0,1006.0741666666668,16.20416666666667,7.416666666666666,17.1225,20.251666666666665,476.0,6.4,77.5,0,5,25,6,0,2,68.33333333333333,61.556548183857416,245.3,17.6,-9.166666666666671
2025-05-25 06:50:00,17.399166666666666,73.36666666666666,0.0,1006.0908333333332,15.620833333333334,9.083333333333332,17.1725,20.218333333333337,463.0,6.4,76.0,0,5,25,6,0,2,67.0,61.492890776450004,245.3,17.6,-9.0
2025-05-25 07:00:00,17.567500000000003,72.4,0.0,1006.1375,15.697500000000002,13.75,17.259999999999998,20.1925,455.0,6.3,74.0,0,5,25,7,0,2,66.5,61.430390776450004,245.3,17.6,-7.5
2025-05-25 07:10:00,17.7175,71.06666666666666,0.0,1006.2208333333334,16.580833333333334,22.083333333333336,17.393333333333334,20.175833333333333,447.0,6.3,72.0,0,5,25,7,0,2,61.0,61.37830744311667,245.3,17.6,-11.0
2025-05-25 07:20:00,17.8675,69.73333333333333,0.0,1006.3041666666668,17.464166666666667,30.416666666666668,17.526666666666664,20.159166666666668,441.0,6.3,69.0,0,5,25,7,0,2,60.888888888888886,61.30191855422778,245.3,17.6,-8.111111111111114
2025-05-25 07:40:00,18.167499999999997,67.06666666666666,0.0,1006.4708333333334,19.230833333333333,47.083333333333336,17.793333333333333,20.125833333333333,562.0,6.3,87.0,0,5,25,7,0,2,53.0,61.24559139373395,245.3,17.6,-34.0
2025-05-25 07:50:00,18.3175,65.73333333333333,0.0,1006.5541666666668,20.11416666666667,55.41666666666667,17.926666666666666,20.109166666666667,497.0,6.5,85.5,0,5,25,7,0,2,56.0,61.00948028262284,245.3,17.6,-29.5
2025-05-25 08:00:00,18.4075,64.85,0.0075,1006.63,20.9525,65.175,18.075,20.0925,484.0,6.4,84.0,0,5,25,8,0,2,59.0,60.80461917151173,245.3,17.6,-25.0
2025-05-25 08:10:00,18.424166666666665,64.51666666666667,0.0241666666666666,1006.6966666666668,21.735833333333336,76.675,18.241666666666667,20.075833333333335,473.0,6.4,82.66666666666667,0,5,25,8,0,2,64.5,60.63100806040062,245.3,17.6,-18.16666666666667
2025-05-25 08:20:00,18.440833333333337,64.18333333333334,0.0408333333333333,1006.7633333333332,22.519166666666667,88.175,18.408333333333335,20.059166666666663,470.9756097560976,6.3,81.33333333333333,0,5,25,8,0,2,70.0,60.504850652993206,245.3,17.6,-11.333333333333329
2025-05-25 08:30:00,18.4575,63.85,0.0575,1006.8300000000002,23.3025,99.675,18.575,20.0425,468.9512195121951,6.3,80.0,0,5,25,8,0,2,69.42857142857143,60.42614694928951,245.3,17.6,-10.57142857142857
2025-05-25 15:30:00,20.8125,38.3,0.0,1007.5575,33.03,648.2,25.6,20.615,584.0,6.2,62.5,10,5,25,15,1,2,68.85714285714286,60.352734250876814,245.3,28.6,6.357142857142861
2025-05-25 15:40:00,20.729166666666668,38.96666666666667,0.0,1007.5741666666668,33.09666666666667,630.8666666666667,25.6,20.648333333333333,522.0,6.1,82.0,10,5,25,15,1,2,60.0,60.396881076273644,234.3,39.6,-22.0
2025-05-25 15:50:00,20.645833333333336,39.63333333333333,0.0,1007.5908333333332,33.163333333333334,613.5333333333333,25.6,20.681666666666665,485.0,6.1,76.0,10,5,25,15,1,2,76.0,60.244103298495865,223.3,50.6,0.0
2025-05-25 16:00:00,20.555,40.15,0.0,1007.615,33.16250000000001,592.825,25.5625,20.7075,470.0,6.1,73.0,10,5,25,16,1,2,74.5,60.244103298495865,212.3,61.6,1.5
2025-05-25 16:10:00,20.455,40.483333333333334,0.0,1007.6483333333332,33.079166666666666,567.9916666666667,25.479166666666668,20.72416666666667,459.0,6.1,71.5,10,5,25,16,1,2,57.0,60.25451996516253,201.3,72.6,-14.5
2025-05-25 16:20:00,20.355,40.81666666666667,0.0,1007.6816666666666,32.99583333333334,543.1583333333333,25.395833333333336,20.740833333333335,449.0,6.1,70.0,10,5,25,16,1,2,45.0,60.15382552071809,190.3,83.6,-25.0
2025-05-25 16:30:00,20.255000000000003,41.15,0.0,1007.715,32.91250000000001,518.325,25.3125,20.7575,441.0,6.1,68.5,10,5,25,16,1,2,45.24444444444445,59.98021440960698,179.3,94.6,-23.255555555555553
2025-05-25 16:40:00,20.155,41.483333333333334,0.0,1007.7483333333332,32.829166666666666,493.4916666666667,25.229166666666668,20.774166666666662,435.0,6.1,67.0,10,5,25,16,1,2,45.48888888888889,59.81871749602673,168.3,105.6,-21.511111111111113
2025-05-25 16:50:00,20.055,41.81666666666667,0.0,1007.7816666666664,32.74583333333334,468.6583333333333,25.145833333333336,20.79083333333333,428.5,6.1,65.5,10,5,25,16,1,2,55.0,59.66933477997735,157.3,116.6,-10.5
2025-05-25 17:00:00,19.955,41.925,0.0,1007.83,32.49,442.325,25.0325,20.815,422.0,6.1,64.0,10,5,25,17,2,2,74.0,59.59641811331068,156.2,117.69999999999999,10.0
2025-05-25 17:10:00,19.854999999999997,41.75833333333333,0.0,1007.8966666666668,32.02333333333333,414.1583333333333,24.8825,20.848333333333336,416.0,6.1,62.5,10,5,25,17,2,2,77.0,59.665862557755126,152.9,121.0,14.5
2025-05-25 17:20:00,19.755000000000003,41.59166666666667,0.0,1007.9633333333334,31.556666666666665,385.9916666666667,24.7325,20.881666666666668,410.0,6.1,61.0,10,5,25,17,2,2,76.66666666666667,59.76655700219957,141.9,132.0,15.666666666666671
2025-05-25 17:30:00,19.655,41.425,0.0,1008.03,31.089999999999996,357.825,24.5825,20.915,405.42857142857144,6.1,60.4,10,5,25,17,2,2,76.33333333333333,59.87535329849587,130.9,143.0,15.93333333333333
2025-05-25 17:40:00,19.555,41.25833333333333,0.0,1008.0966666666668,30.623333333333335,329.65833333333336,24.432499999999997,20.948333333333338,400.85714285714283,6.1,59.8,10,5,25,17,2,2,68.0,59.98600144664402,119.9,154.0,8.200000000000003
2025-05-25 18:30:00,18.94,45.025,0.0,1008.545,27.0825,192.275,23.51,21.0,378.0,6.1,55.0,0,5,25,18,2,2,64.0,60.04294589108846,108.9,154.0,9.0
2025-05-25 18:40:00,18.806666666666665,46.19166666666667,0.0,1008.645,26.26583333333333,165.10833333333332,23.31,21.0,337.0,6.0,50.0,0,5,25,18,2,2,81.0,60.10544589108846,108.9,154.0,31.0
2025-05-25 18:50:00,18.673333333333336,47.358333333333334,0.0,1008.745,25.449166666666667,137.94166666666666,23.11,21.0,335.25373134328356,6.1,50.10204081632653,0,5,25,18,2,2,79.66666666666667,60.320723668866236,108.9,154.0,29.564625850340143
2025-05-25 19:00:00,18.5175,48.6,0.0,1008.83,24.6175,115.2,22.8875,21.0,333.5074626865672,6.1,50.204081632653065,0,5,25,19,2,2,71.0,60.52603357060471,108.9,154.0,20.795918367346935
2025-05-26 05:50:00,14.681666666666668,69.725,0.0,1011.1541666666668,13.636666666666668,1.8166666666666669,14.918333333333331,19.718333333333337,220.0,5.9,52.0,0,5,26,5,0,2,73.5,60.67044967037795,115.5,154.0,21.5
2025-05-26 06:00:00,14.835,70.0,0.0,1011.2225,13.63,5.6,14.9525,19.685,274.0,6.1,55.0,0,5,26,6,0,2,76.0,60.819755225933505,115.5,154.0,21.0
2025-05-26 06:10:00,15.135,70.0,0.0,1011.2725,13.696666666666667,13.6,15.069166666666666,19.651666666666664,392.0,6.2,78.0,0,5,26,6,0,2,75.7,60.965588559266834,115.5,154.0,-2.299999999999997
2025-05-26 06:20:00,15.435,70.0,0.0,1011.3225,13.763333333333332,21.6,15.185833333333331,19.618333333333332,375.0,6.1,76.0,0,5,26,6,0,2,75.4,60.9496163370446,115.5,154.0,-0.5999999999999943
2025-05-26 06:30:00,15.735,70.0,0.0,1011.3725,13.830000000000002,29.6,15.3025,19.585,363.0,6.1,74.0,0,5,26,6,0,2,76.0,60.94544967037795,115.5,154.0,2.0
2025-05-26 06:40:00,16.035,70.0,0.0,1011.4225,13.896666666666668,37.6,15.419166666666666,19.551666666666662,363.6326530612245,6.2,73.0,0,5,26,6,0,2,82.0,60.95933855926684,115.5,154.0,9.0
2025-05-26 06:50:00,16.335,70.0,0.0,1011.4725,13.963333333333331,45.6,15.535833333333333,19.518333333333334,364.265306122449,6.2,72.0,0,5,26,6,0,2,80.5,61.02183855926684,115.5,143.0,8.5
2025-05-26 15:00:00,24.1925,29.925,0.0,1012.67,18.235,688.75,30.130000000000003,20.5225,572.0,6.2,65.33333333333333,0,5,26,15,1,2,79.0,61.08086633704462,115.5,132.0,13.666666666666671
2025-05-26 15:10:00,24.175833333333333,29.758333333333333,0.0,1012.6033333333332,17.868333333333332,670.4166666666667,30.19666666666667,20.5725,523.0,6.2,74.0,0,5,26,15,1,2,78.7,61.175773744452016,115.5,121.0,4.700000000000003
2025-05-26 15:20:00,24.159166666666668,29.59166666666667,0.0,1012.5366666666666,17.501666666666665,652.0833333333333,30.263333333333332,20.6225,495.0,6.2,72.0,0,5,26,15,1,2,68.0,61.2084126333409,115.5,110.0,-4.0
2025-05-26 15:30:00,24.1425,29.425,0.0,1012.47,17.134999999999998,633.75,30.33,20.6725,487.0,6.2,70.0,0,5,26,15,1,2,74.33333333333333,61.18063485556312,115.5,99.0,4.333333333333329
2025-05-26 15:40:00,24.125833333333333,29.258333333333333,0.0,1012.4033333333332,16.768333333333334,615.4166666666667,30.39666666666667,20.7225,481.0,6.2,68.5,0,5,26,15,1,2,80.66666666666667,61.21072744815572,115.5,88.0,12.166666666666671
2025-05-26 15:50:00,24.109166666666667,29.09166666666667,0.0,1012.3366666666668,16.401666666666664,597.0833333333333,30.46333333333333,20.7725,475.5,6.2,67.0,0,5,26,15,1,2,87.0,61.295218188896456,115.5,77.0,20.0
2025-05-26 16:00:00,24.085,29.0,0.0,1012.2925,16.057499999999997,576.125,30.4775,20.8225,470.0,6.2,65.5,0,5,26,16,1,2,86.2,61.43410707778534,115.5,66.0,20.700000000000003
2025-05-26 16:10:00,24.05166666666667,29.0,0.0,1012.2758333333334,15.740833333333333,551.9583333333333,30.4275,20.8725,466.85714285714283,6.2,64.0,0,5,26,16,1,2,85.4,61.57785707778535,115.5,55.0,21.400000000000006
2025-05-26 16:20:00,24.018333333333334,29.0,0.0,1012.2591666666668,15.424166666666668,527.7916666666667,30.3775,20.922500000000003,463.7142857142857,6.2,63.0,0,5,26,16,1,2,81.0,61.72646818889646,115.5,44.0,18.0
2025-05-26 21:50:00,18.0825,52.90833333333334,0.0,1013.6541666666668,0.6641666666666667,0.0,22.355833333333333,21.6,352.8627450980392,6.2,55.0,0,5,26,21,3,2,64.0,61.85146818889646,115.5,33.0,9.0
2025-05-27 06:00:00,14.279999999999998,55.475,0.0,1012.915,2.7075000000000005,5.75,15.06,20.4925,227.0,6.2,52.0,10,5,27,6,0,2,64.22857142857143,61.91396818889646,115.5,33.0,12.228571428571428
2025-05-27 06:10:00,14.68,54.30833333333334,0.0,1012.9483333333334,2.724166666666666,14.083333333333334,15.193333333333332,20.475833333333338,376.0,6.2,64.0,6,5,27,6,0,2,64.45714285714286,61.9988888238171,104.5,28.6,0.4571428571428555
2025-05-27 06:20:00,15.080000000000002,53.141666666666666,0.0,1012.9816666666668,2.7408333333333337,22.416666666666668,15.326666666666668,20.45916666666667,416.0,6.3,68.0,0,5,27,6,0,2,74.0,62.002063426991704,97.9,17.6,6.0
2025-05-27 06:30:00,15.48,51.975,0.0,1013.015,2.7575,30.75,15.46,20.4425,402.0,6.3,72.0,0,5,27,6,0,2,79.0,62.04373009365837,97.9,17.6,7.0
2025-05-27 06:40:00,15.88,50.80833333333333,0.0,1013.0483333333334,2.774166666666667,39.083333333333336,15.593333333333334,20.425833333333333,394.0,6.3,71.0,0,5,27,6,0,2,84.5,62.09234120476948,97.9,17.6,13.5
2025-05-27 06:50:00,16.28,49.641666666666666,0.0,1013.0816666666668,2.790833333333333,47.41666666666667,15.726666666666668,20.409166666666664,393.57954545454544,6.3,70.0,0,5,27,6,0,2,90.0,62.18609120476948,97.9,17.6,20.0
2025-05-28 12:00:00,24.8225,45.925,0.0,1012.6775,21.305,497.2,28.190000000000005,21.9075,320.0,6.4,50.0,0,5,28,12,1,2,89.76470588235294,62.32498009365837,97.9,17.6,39.76470588235294
2025-05-28 12:10:00,24.8725,45.75833333333333,0.0,1012.6275,20.871666666666663,466.5333333333333,28.390000000000004,21.924166666666665,402.5,6.5,56.0,0,5,28,12,1,2,89.52941176470588,62.601123884508034,97.9,17.6,33.529411764705884
2025-05-28 12:20:00,24.922500000000003,45.59166666666667,0.0,1012.5775,20.438333333333333,435.8666666666667,28.590000000000003,21.940833333333337,485.0,6.4,57.5,0,5,28,12,1,2,85.57142857142857,62.83396702176294,97.9,17.6,28.07142857142857
2025-05-28 12:30:00,24.972500000000004,45.425,0.0,1012.5275,20.005,405.2,28.790000000000003,21.9575,468.0,6.4,59.0,0,5,28,12,1,2,85.14285714285714,63.02890749795342,97.9,17.6,26.14285714285714
2025-05-28 12:40:00,25.0225,45.25833333333333,0.0,1012.4775,19.571666666666665,374.53333333333336,28.99,21.97416666666667,456.0,6.4,58.75,0,5,28,12,1,2,83.0,63.21045511700103,97.9,17.6,24.25
2025-05-28 12:50:00,25.0725,45.09166666666667,0.0,1012.4275,19.138333333333332,343.8666666666667,29.190000000000005,21.990833333333335,446.0,6.3,58.5,0,5,28,12,1,2,74.0,63.37885789477881,97.9,17.6,15.5
2025-05-28 17:00:00,25.3325,31.15,0.0,1011.5075,20.665,426.0,31.425,23.015,363.0,6.3,46.0,0,5,28,17,2,2,74.42105263157895,63.486496783667704,97.9,17.6,28.421052631578945
2025-05-28 17:10:00,25.182499999999997,31.48333333333333,0.0,1011.5241666666668,20.365,399.33333333333337,31.258333333333333,23.048333333333332,471.0,6.4,53.0,0,5,28,17,2,2,74.84210526315789,63.68386520472033,97.9,17.6,21.84210526315789
2025-05-28 17:20:00,25.0325,31.81666666666667,0.0,1011.5408333333332,20.065,372.66666666666663,31.09166666666667,23.081666666666667,460.0,6.3,60.0,0,5,28,17,2,2,76.0,63.83554649127004,97.9,17.6,16.0
2025-05-28 17:30:00,24.8825,32.15,0.0,1011.5575,19.765,346.0,30.925,23.115,442.0,6.3,59.5,0,5,28,17,2,2,81.0,63.94665760238115,97.9,17.6,21.5
2025-05-28 17:40:00,24.7325,32.483333333333334,0.0,1011.5741666666668,19.465,319.33333333333337,30.758333333333333,23.148333333333333,427.0,6.3,59.0,0,5,28,17,2,2,86.0,64.09596315793671,97.9,17.6,27.0
2025-05-28 18:20:00,24.050833333333333,34.225,0.0,1011.6,17.8975,207.35833333333335,29.846666666666664,23.281666666666663,388.0,6.2,57.0,0,5,28,18,2,2,91.0,64.28346315793671,97.9,17.6,34.0
2025-05-28 18:30:00,23.8675,34.725,0.0,1011.6,17.447499999999998,178.525,29.58,23.315,381.0,6.2,56.4,0,5,28,18,2,2,90.70588235294117,64.51957426904782,97.9,17.6,34.305882352941175
2025-05-28 18:40:00,23.684166666666663,35.225,0.0,1011.6,16.9975,149.69166666666666,29.313333333333333,23.348333333333333,375.0,6.2,55.8,0,5,28,18,2,2,90.41176470588235,64.75780956316547,97.9,17.6,34.61176470588235
2025-05-28 19:10:00,23.061666666666664,37.45,0.0,1011.5516666666666,15.0675,82.28333333333333,28.44083333333333,23.4,355.0,6.2,54.0,0,5,28,19,2,2,76.0,64.99816904028965,97.9,17.6,22.0
2025-05-28 19:20:00,22.828333333333333,38.45,0.0,1011.5183333333332,14.2175,66.61666666666666,28.124166666666667,23.4,315.0,6.2,48.0,0,5,28,19,2,2,83.0,65.15094681806744,97.9,17.6,35.0
2025-05-28 19:30:00,22.595,39.45,0.0,1011.485,13.3675,50.95,27.807499999999997,23.4,313.0952380952381,6.2,48.078125,0,5,28,19,2,2,93.0,65.39400237362298,97.9,17.6,44.921875
2025-05-28 19:40:00,22.361666666666668,40.45,0.0,1011.4516666666666,12.5175,35.28333333333334,27.49083333333333,23.4,311.1904761904762,6.2,48.15625,0,5,28,19,2,2,91.0,65.70595983890077,97.9,17.6,42.84375
2025-05-29 06:00:00,18.015,50.3,0.0,1009.73,9.9825,0.0,17.815,22.185,202.0,6.3,53.0,10,5,29,6,0,2,89.0,66.00348588056744,97.9,17.6,36.0
2025-05-29 06:10:00,18.048333333333332,50.96666666666667,0.0,1009.7966666666669,10.165833333333332,0.0,17.848333333333336,22.151666666666664,260.5,6.4,58.0,6,5,29,6,0,2,88.85714285714286,66.25348588056744,86.9,17.6,30.85714285714286
2025-05-29 06:20:00,18.081666666666667,51.63333333333334,0.0,1009.8633333333332,10.349166666666669,0.0,17.881666666666668,22.118333333333332,319.0,6.4,63.0,0,5,29,6,0,2,80.0,66.46777159485315,80.30000000000001,17.6,17.0
2025-05-29 06:30:00,18.115,52.3,0.0,1009.93,10.5325,0.0,17.915,22.085,305.0,6.3,68.0,0,5,29,6,0,2,86.0,66.5858271504087,80.30000000000001,17.6,18.0
2025-05-29 06:40:00,18.148333333333333,52.96666666666666,0.0,1009.9966666666668,10.715833333333332,0.0,17.948333333333334,22.051666666666662,297.0,6.3,66.5,0,5,29,6,0,2,96.0,66.7108271504087,80.30000000000001,17.6,29.5
2025-05-29 06:50:00,18.181666666666665,53.63333333333334,0.0,1010.0633333333332,10.899166666666668,0.0,17.981666666666666,22.018333333333334,296.27338129496405,6.4,65.0,0,5,29,6,0,2,93.5,66.91568826151982,80.30000000000001,17.6,28.5
2025-05-29 07:00:00,18.2375,54.3,0.0075,1010.115,11.0975,0.6,18.0375,21.9925,295.54676258992805,6.3,64.57142857142857,0,5,29,7,0,2,91.0,67.11360492818648,80.30000000000001,17.6,26.42857142857143
2025-05-30 05:50:00,17.354166666666664,80.45833333333334,0.0,1012.2633333333332,17.5075,1.8166666666666669,16.5,19.518333333333334,196.0,6.3,53.0,0,5,30,5,0,2,90.72727272727273,67.29713667421822,80.30000000000001,17.6,37.727272727272734
2025-05-30 06:00:00,17.482499999999998,79.475,0.0,1012.33,17.805,6.275,16.5375,19.4925,297.0,6.3,56.0,0,5,30,6,0,2,88.0,67.55913162371317,80.30000000000001,17.6,32.0
2025-05-30 06:10:00,17.66583333333333,78.30833333333334,0.0,1012.3966666666668,18.038333333333338,15.775,16.620833333333334,19.475833333333338,373.0,6.3,72.0,0,5,30,6,0,2,99.0,67.78135384593539,80.30000000000001,17.6,27.0
2025-05-30 06:20:00,17.84916666666667,77.14166666666667,0.0,1012.4633333333334,18.27166666666667,25.275,16.704166666666666,19.45916666666667,353.0,6.4,71.0,0,5,30,6,0,2,96.33333333333333,67.96885384593539,80.30000000000001,17.6,25.33333333333333
2025-05-30 06:30:00,18.0325,75.975,0.0,1012.53,18.505,34.775,16.7875,19.4425,351.7590361445783,6.4,70.0,0,5,30,6,0,2,93.66666666666667,68.14477977186132,80.30000000000001,17.6,23.66666666666667
2025-05-30 06:40:00,18.215833333333332,74.80833333333334,0.0,1012.5966666666668,18.738333333333333,44.275,16.870833333333334,19.425833333333333,350.51807228915663,6.4,69.0,0,5,30,6,0,2,91.0,68.30913162371317,80.30000000000001,17.6,22.0
2025-05-31 04:10:00,17.22416666666667,69.51666666666667,0.0,1013.3241666666668,11.5075,0.0,16.55166666666667,19.951666666666668,185.0,6.6,51.0,0,5,31,4,3,2,90.66666666666667,68.46190940149094,80.30000000000001,17.6,39.66666666666667
2025-05-31 04:30:00,17.2575,68.85,0.0,1013.3575,12.2075,0.0,16.485,19.885,167.88888888888889,6.6,44.0,0,5,31,4,3,2,85.0,68.73737236445392,80.30000000000001,17.6,41.0
2025-05-31 04:40:00,17.274166666666666,68.51666666666667,0.0,1013.3741666666668,12.5575,0.0,16.451666666666664,19.851666666666667,169.77777777777777,6.6,44.625,0,5,31,4,3,2,68.0,69.02209458667613,80.30000000000001,17.6,23.375
2025-05-31 05:50:00,17.481666666666666,68.0,0.0,1013.4,13.009166666666667,2.725,16.309166666666666,19.618333333333332,183.0,6.7,49.0,0,5,31,5,0,2,68.65384615384616,69.18442097556503,80.30000000000001,17.6,19.65384615384616
2025-05-31 06:00:00,17.6125,67.7,0.0,1013.4375,12.8875,7.425,16.345000000000002,19.5925,236.5,6.75,52.0,9,5,31,6,0,2,69.3076923076923,69.32090601830006,80.30000000000001,27.5,17.307692307692307
2025-05-31 06:10:00,17.8625,67.03333333333333,0.0,1013.5208333333334,12.6375,17.258333333333333,16.445,19.575833333333335,290.0,6.8,55.0,7,5,31,6,0,2,80.0,69.44109832599237,70.4,35.2,25.0
2025-05-31 06:20:00,18.1125,66.36666666666666,0.0,1013.6041666666666,12.3875,27.09166666666666,16.544999999999998,19.559166666666663,364.0,6.7,68.0,0,5,31,6,0,2,57.0,69.61470943710349,62.7,35.2,-11.0
2025-05-31 06:30:00,18.3625,65.7,0.0,1013.6875,12.1375,36.925,16.645,19.5425,335.0,6.7,64.0,0,5,31,6,0,2,57.888888888888886,69.53832054821459,62.7,35.2,-6.111111111111114
2025-05-31 06:40:00,18.6125,65.03333333333333,0.0,1013.7708333333334,11.8875,46.75833333333333,16.744999999999997,19.52583333333333,318.0,6.7,63.0,0,5,31,6,0,2,81.0,69.49588227660965,62.7,35.2,18.0
2025-05-31 06:50:00,18.8625,64.36666666666666,0.0,1013.8541666666666,11.6375,56.59166666666666,16.845,19.509166666666665,306.0,6.7,62.0,0,5,31,6,0,2,86.0,69.62088227660965,62.7,35.2,24.0
2025-05-31 07:00:00,19.1125,63.925,0.0,1013.93,11.5675,72.5,16.99,19.5,298.0,6.7,61.0,0,5,31,7,0,2,96.0,69.78754894327632,62.7,35.2,35.0
2025-05-31 07:10:00,19.3625,63.75833333333334,0.0,1013.9966666666668,11.7175,95.83333333333334,17.189999999999998,19.5,297.2368421052632,6.7,60.625,0,5,31,7,0,2,93.0,70.03060449883188,62.7,24.200000000000003,32.375
2025-05-31 07:20:00,19.6125,63.59166666666666,0.0,1014.0633333333332,11.8675,119.16666666666669,17.39,19.5,296.4736842105263,6.6,60.25,0,5,31,7,0,2,92.66666666666667,70.25543088772076,62.7,17.6,32.41666666666667
2025-05-31 19:40:00,20.31666666666667,50.41666666666667,0.0,1015.1225,10.755833333333332,49.38333333333334,23.813333333333333,21.274166666666662,240.0,6.7,52.333333333333336,0,5,31,19,2,2,92.33333333333333,70.48054662846151,62.7,17.6,39.99999999999999
2025-05-31 20:50:00,18.4375,60.266666666666666,0.0,1015.3816666666664,9.255,2.0166666666666684,21.855833333333333,21.3,211.28070175438597,6.7,50.0,0,5,31,20,2,2,81.0,70.7583244062393,62.7,17.6,31.0
2025-06-01 06:00:00,14.1025,79.875,0.0,1016.3075,5.930000000000001,7.425,15.1525,20.0925,164.0,6.7,49.0,9,6,1,6,0,2,91.0,70.97360218401707,62.7,27.5,42.0
2025-06-01 06:20:00,15.0025,74.875,0.0,1016.3408333333332,6.0633333333333335,27.09166666666666,15.385833333333334,20.059166666666663,378.0,6.8,70.0,0,6,1,6,0,2,97.0,71.26526885068374,63.800000000000004,27.5,27.0
2025-06-01 06:30:00,15.4525,72.375,0.0,1016.3575,6.13,36.925,15.5025,20.0425,354.0,6.7,68.0,0,6,1,6,0,2,95.5,71.45276885068374,69.30000000000001,27.5,27.5
2025-06-01 06:40:00,15.9025,69.875,0.0,1016.3741666666668,6.196666666666667,46.75833333333333,15.619166666666668,20.02583333333333,340.0,6.7,66.0,0,6,1,6,0,2,94.0,71.64374107290595,69.30000000000001,27.5,28.0
2025-06-01 06:50:00,16.3525,67.375,0.0,1016.3908333333331,6.263333333333334,56.59166666666666,15.735833333333336,20.009166666666665,331.0,6.7,64.66666666666667,0,6,1,6,0,2,82.0,71.8381855173504,69.30000000000001,27.5,17.33333333333333
2025-06-01 07:00:00,16.885,65.025,0.0,1016.415,6.165,72.425,15.935,19.9925,325.0,6.7,63.333333333333336,0,6,1,7,0,2,91.0,71.95855588772076,69.30000000000001,27.5,27.666666666666664
2025-06-01 07:10:00,17.518333333333334,62.858333333333334,0.0,1016.4483333333334,5.865,95.59166666666668,16.235000000000003,19.975833333333338,324.2857142857143,6.7,62.0,0,6,1,7,0,2,90.5,72.1506855173504,69.30000000000001,27.5,28.5
2025-06-01 07:20:00,18.151666666666667,60.69166666666666,0.0,1016.4816666666668,5.5649999999999995,118.75833333333335,16.535000000000004,19.95916666666667,323.57142857142856,6.7,61.5,0,6,1,7,0,2,90.0,72.34860218401707,69.30000000000001,27.5,28.5
2025-06-02 06:00:00,16.6725,86.175,0.0,1016.33,6.9,7.425,17.744999999999997,21.785,173.0,6.6,49.0,10,6,2,6,0,2,86.0,72.54651885068374,69.30000000000001,38.5,37.0
2025-06-02 06:10:00,17.055833333333332,84.34166666666667,0.0,1016.3966666666668,6.9,17.258333333333333,17.845,21.75166666666667,310.0,6.8,57.0,6,6,2,6,0,2,97.0,72.80346329512818,58.300000000000004,45.1,40.0
2025-06-02 06:20:00,17.43916666666667,82.50833333333334,0.0,1016.4633333333334,6.9,27.09166666666666,17.945,21.718333333333337,347.0,6.9,66.0,0,6,2,6,0,2,94.5,73.08124107290595,51.7,45.1,28.5
2025-06-02 06:30:00,17.822499999999998,80.675,0.0,1016.53,6.9,36.925,18.045,21.685,324.0,6.8,64.0,0,6,2,6,0,2,92.0,73.27915773957263,51.7,45.1,28.0
2025-06-02 06:40:00,18.205833333333334,78.84166666666667,0.0,1016.5966666666668,6.9,46.75833333333333,18.145000000000003,21.651666666666667,311.0,6.8,62.0,0,6,2,6,0,2,91.84210526315789,73.47360218401707,51.7,45.1,29.84210526315789
2025-06-02 06:50:00,18.589166666666667,77.00833333333334,0.0,1016.6633333333332,6.9,56.59166666666666,18.244999999999997,21.618333333333332,303.0,6.8,61.4,0,6,2,6,0,2,89.0,73.68083902612233,51.7,35.2,27.6
2025-06-02 07:00:00,19.047500000000003,74.95,0.0,1016.73,6.87,72.425,18.435,21.5925,303.57142857142856,6.7,60.8,0,6,2,7,0,2,78.0,73.87250569278899,51.7,27.5,17.200000000000003
2025-06-03 06:00:00,16.965,93.325,0.0,1016.5075,8.315000000000001,7.5,18.244999999999997,22.985,177.0,6.6,50.0,0,6,3,6,0,2,78.33333333333333,73.99195013723345,51.7,27.5,28.33333333333333
2025-06-03 06:10:00,17.331666666666667,91.825,0.0,1016.5241666666668,8.348333333333333,17.5,18.345,22.951666666666668,329.0,6.8,59.0,0,6,3,6,0,2,78.66666666666667,74.1887093964927,51.7,27.5,19.66666666666667
2025-06-03 06:20:00,17.698333333333334,90.325,0.0,1016.5408333333332,8.381666666666666,27.5,18.445,22.918333333333333,380.0,6.8,68.0,0,6,3,6,0,2,79.0,74.32528347056677,51.7,27.5,11.0
2025-06-03 06:30:00,18.065,88.825,0.0,1016.5575,8.415000000000001,37.5,18.545,22.885,360.0,6.8,66.5,0,6,3,6,0,2,64.0,74.40167235945566,51.7,27.5,-2.5
2025-06-03 06:40:00,18.431666666666665,87.325,0.0,1016.5741666666668,8.448333333333334,47.5,18.645000000000003,22.851666666666667,349.0,6.7,65.0,0,6,3,6,0,2,64.25396825396825,74.38431124834455,51.7,27.5,-0.7460317460317469
2025-06-03 06:50:00,18.798333333333336,85.825,0.0,1016.5908333333332,8.481666666666666,57.5,18.744999999999997,22.818333333333335,348.11392405063293,6.7,64.33333333333333,0,6,3,6,0,2,64.5079365079365,74.37913047233044,51.7,27.5,0.17460317460317754
2025-06-03 07:00:00,19.1875,84.1,0.0,1016.615,8.395,73.65,18.9275,22.785,347.2278481012658,6.7,63.666666666666664,0,6,3,7,0,2,80.0,74.38034299437629,51.7,27.5,16.333333333333336
2025-06-03 19:50:00,22.2925,66.80833333333334,0.0,1015.3,12.22,34.083333333333336,29.310833333333335,24.590833333333336,279.0,6.5,52.0,0,6,3,19,2,2,83.0,74.49376892030222,51.7,27.5,31.0
2025-06-03 20:00:00,22.01,68.45,0.0,1015.3225,11.91,22.2,28.942500000000003,24.6,220.0,6.4,42.0,0,6,3,20,2,2,86.0,74.70904669808,51.7,27.5,44.0
2025-06-03 20:10:00,21.81,69.45,0.0,1015.3725,11.71,18.2,28.5925,24.6,219.27118644067798,6.45,42.16949152542373,0,6,3,20,2,2,92.0,75.01460225363556,51.7,17.6,49.83050847457627
2025-06-03 20:20:00,21.61,70.45,0.0,1015.4225,11.51,14.2,28.2425,24.6,218.54237288135593,6.5,42.33898305084746,0,6,3,20,2,2,85.0,75.36064745137567,51.7,17.6,42.66101694915254
2025-06-04 05:50:00,16.490833333333335,91.0,0.0,1015.6908333333334,7.545,2.725,18.24583333333333,23.418333333333333,177.0,6.6,52.0,0,6,4,5,0,2,98.0,75.65690451352256,51.7,17.6,46.0
2025-06-04 06:00:00,16.65,90.25,0.0,1015.73,7.532500000000001,7.8,18.244999999999997,23.385,259.0,6.7,55.0,0,6,4,6,0,2,100.0,75.976348957967,51.7,17.6,45.0
2025-06-04 06:10:00,16.983333333333334,88.58333333333334,0.0,1015.7966666666669,7.3825,18.466666666666665,18.345,23.351666666666667,375.0,6.6,71.0,0,6,4,6,0,2,96.0,76.288848957967,51.7,17.6,25.0
2025-06-04 06:20:00,17.316666666666666,86.91666666666666,0.0,1015.8633333333332,7.2325,29.133333333333333,18.445,23.31833333333333,345.0,6.8,69.0,0,6,4,6,0,2,95.7,76.46246006907812,51.7,17.6,26.700000000000003
2025-06-04 06:30:00,17.65,85.25,0.0,1015.93,7.0825000000000005,39.8,18.545,23.285,333.0,6.8,67.0,0,6,4,6,0,2,95.4,76.64787673574479,51.7,17.6,28.400000000000006
2025-06-04 06:40:00,17.983333333333334,83.58333333333334,0.0,1015.9966666666668,6.9325,50.46666666666666,18.645000000000003,23.251666666666665,325.0,6.7,66.4,0,6,4,6,0,2,93.0,76.84509895796701,51.7,17.6,26.599999999999994
2025-06-04 06:50:00,18.316666666666663,81.91666666666666,0.0,1016.0633333333332,6.782500000000001,61.13333333333334,18.744999999999997,23.218333333333337,326.5833333333333,6.7,65.8,0,6,4,6,0,2,98.0,77.02982118018923,51.7,6.6000000000000005,32.2
2025-06-04 12:40:00,30.793333333333333,24.775,0.0,1015.0033333333332,12.128333333333334,790.15,33.20583333333333,23.4225,382.0,6.4,58.0,0,6,4,12,1,2,100.0,77.25343229130034,51.7,0.0,42.0
2025-06-04 12:50:00,30.926666666666662,24.275,0.0,1014.9366666666668,12.561666666666667,797.15,33.589166666666664,23.4725,304.0,6.4,39.0,0,6,4,12,1,2,100.0,77.54509895796701,51.7,0.0,61.0
2025-06-04 13:00:00,31.0075,23.925,0.0,1014.87,13.055,800.025,33.904999999999994,23.5225,303.1521739130435,6.4,39.53125,0,6,4,13,1,2,95.0,77.96871006907811,51.7,0.0,55.46875
2025-06-04 13:10:00,31.024166666666662,23.758333333333333,0.0,1014.8033333333332,13.621666666666666,797.8583333333333,34.138333333333335,23.5725,302.30434782608694,6.4,40.0625,10,6,4,13,1,2,94.75,78.3539097218559,51.7,11.0,54.6875
2025-06-04 20:30:00,21.2675,69.6,0.0,1014.2725,9.785,10.625,27.7925,25.0,265.0,6.4,53.0,0,6,4,20,2,2,94.5,78.73368402741146,40.7,11.0,41.5
2025-06-04 20:40:00,21.08416666666667,70.93333333333334,0.0,1014.3225,9.751666666666669,6.458333333333333,27.442500000000003,25.0,234.0,6.4,42.0,0,6,4,20,2,2,86.0,79.0218784718559,40.7,11.0,44.0
2025-06-04 20:50:00,20.90083333333333,72.26666666666667,0.0,1014.3725,9.718333333333332,2.2916666666666656,27.0925,25.0,255.0,6.4,42.18181818181818,0,6,4,20,2,2,100.0,79.32743402741146,40.7,11.0,57.81818181818182
2025-06-04 21:00:00,20.74,73.375,0.0,1014.4375,9.655,0.0,26.764999999999997,24.9925,249.66666666666666,6.4,42.36363636363637,0,6,4,21,3,2,100.0,79.7289491789266,40.7,11.0,57.63636363636363
2025-06-05 05:50:00,16.090833333333336,92.09166666666668,0.0,1014.2816666666664,6.463333333333333,2.725,17.955,23.618333333333332,173.0,6.4,52.0,0,6,5,5,0,2,98.0,80.12920170417914,40.7,11.0,46.0
2025-06-05 06:00:00,16.2575,91.1,0.0,1014.2925,6.402500000000001,7.95,17.9375,23.585,245.0,6.5,56.0,0,6,5,6,0,2,97.6,80.44864614862358,40.7,11.0,41.599999999999994
2025-06-05 06:10:00,16.607499999999998,89.1,0.0,1014.2758333333334,6.185833333333333,18.95,18.020833333333332,23.55166666666667,286.5,6.5,63.5,0,6,5,6,0,2,94.0,80.73753503751247,40.7,11.0,30.5
2025-06-05 06:20:00,16.957500000000003,87.1,0.0,1014.2591666666668,5.969166666666667,29.95,18.104166666666664,23.518333333333334,328.0,6.5,71.0,0,6,5,6,0,2,97.0,80.94934059306803,40.7,11.0,26.0
2025-06-05 06:30:00,17.307499999999997,85.1,0.0,1014.2425,5.7524999999999995,40.95,18.1875,23.485,303.0,6.5,69.66666666666667,0,6,5,6,0,2,100.0,81.12989614862357,40.7,11.0,30.33333333333333
2025-06-05 06:40:00,17.657500000000002,83.1,0.0,1014.2258333333332,5.535833333333334,51.95,18.270833333333332,23.451666666666664,291.0,6.5,68.33333333333333,0,6,5,6,0,2,100.0,81.34054429677172,40.7,11.0,31.66666666666667
2025-06-05 06:50:00,18.0075,81.1,0.0,1014.2091666666668,5.319166666666667,62.95,18.354166666666664,23.418333333333333,291.93333333333334,6.5,67.0,0,6,5,6,0,2,97.0,81.56045170417913,40.7,11.0,30.0
2025-06-05 07:00:00,18.4475,78.875,0.0,1014.215,4.9675,80.025,18.535,23.385,292.8666666666667,6.4,66.5,0,6,5,7,0,2,96.4,81.76878503751247,40.7,11.0,29.900000000000006
2025-06-05 09:20:00,26.325,37.46666666666667,0.0,1014.2591666666668,3.275833333333334,453.925,24.388333333333332,23.1,304.4852941176471,6.4,61.0,0,6,5,9,0,2,94.0,81.97642392640135,40.7,11.0,33.0
2025-06-05 09:30:00,26.825,34.8,0.0,1014.2425,3.5925,480.425,24.955,23.1,303.97058823529414,6.4,60.888888888888886,0,6,5,9,0,2,93.8695652173913,82.20559059306802,40.7,11.0,32.98067632850241
2025-06-06 05:50:00,17.96333333333333,94.09166666666668,0.0,1013.6633333333332,5.4275,2.725,19.53666666666667,24.5275,179.0,6.3,53.0,0,6,6,5,0,2,93.73913043478261,82.43462306757152,40.7,11.0,40.73913043478261
2025-06-06 06:00:00,18.165,93.025,0.0,1013.7375,5.3625,7.725,19.5375,24.485,225.0,6.4,56.0,0,6,6,6,0,2,88.0,82.71753369559083,40.7,11.0,32.0
2025-06-06 06:10:00,18.531666666666663,90.85833333333332,0.0,1013.8208333333334,5.279166666666667,18.225,19.620833333333337,24.451666666666668,271.0,6.5,59.0,0,6,6,6,0,2,99.0,82.93975591781306,40.7,11.0,40.0
2025-06-06 06:20:00,18.898333333333333,88.69166666666666,0.0,1013.9041666666668,5.195833333333334,28.725,19.704166666666666,24.418333333333333,331.0,6.5,64.5,0,6,6,6,0,2,100.0,83.21753369559083,40.7,11.0,35.5
2025-06-06 06:30:00,19.265,86.525,0.0,1013.9875,5.1125,39.225,19.7875,24.385,309.0,6.4,70.0,0,6,6,6,0,2,98.0,83.46406147336862,40.7,11.0,28.0
2025-06-06 06:40:00,19.631666666666668,84.35833333333333,0.0,1014.0708333333334,5.029166666666667,49.725,19.870833333333337,24.351666666666667,298.0,6.4,69.42857142857143,0,6,6,6,0,2,97.66666666666667,83.65850591781306,40.7,11.0,28.23809523809524
2025-06-06 06:50:00,19.99833333333333,82.19166666666666,0.0,1014.1541666666668,4.945833333333334,60.225,19.954166666666666,24.318333333333335,299.7391304347826,6.4,68.85714285714286,0,6,6,6,0,2,97.33333333333333,83.85460380141093,40.7,11.0,28.476190476190467
2025-06-06 10:30:00,32.1075,22.125,0.0,1014.4425,2.8725,601.6,30.3125,24.1575,338.0,6.4,60.0,0,6,6,10,0,2,92.0,84.05235512416226,40.7,11.0,32.0
2025-06-06 10:50:00,32.8075,20.458333333333336,0.0,1014.4091666666668,2.9725,644.2666666666667,31.479166666666668,24.190833333333337,446.0,6.5,76.0,0,6,6,10,0,2,99.0,84.27457734638448,40.7,11.0,
2025-06-06 11:00:00,33.097500000000004,19.925,0.0,1014.4,2.9850000000000003,661.7,32.04,24.2225,444.9375,6.4,74.5,0,6,6,11,0,2,100.0,84.4342995686067,40.7,0.0,
2025-06-06 18:50:00,30.601666666666667,28.81666666666667,0.0,1013.6633333333332,9.436666666666667,140.75,37.6925,26.872499999999995,395.0,6.3,57.0,0,6,6,18,2,2,100.0,84.61138290194003,40.7,0.0,
2025-06-06 19:00:00,30.2575,29.075,0.0,1013.7,9.2725,119.2,37.3125,26.9075,351.0,6.2,45.0,0,6,6,19,2,2,98.0,84.90999401305115,40.7,0.0,
2025-06-06 19:10:00,29.94083333333333,29.241666666666667,0.0,1013.7,8.989166666666666,101.86666666666666,36.89583333333333,26.924166666666668,349.53333333333336,6.3,45.24444444444445,0,6,6,19,2,2,97.42857142857143,85.2780495686067,40.7,0.0,
2025-06-06 19:20:00,29.624166666666667,29.40833333333333,0.0,1013.7,8.705833333333334,84.53333333333333,36.47916666666667,26.94083333333333,348.06666666666666,6.3,45.48888888888889,0,6,6,19,2,2,96.85714285714286,85.6404393393298,40.7,0.0,
2025-06-07 06:00:00,21.6125,54.85,0.0,1013.63,8.825,7.5,22.4375,26.184999999999995,208.0,6.3,55.0,9,6,7,6,0,2,94.0,85.99716332522046,40.7,9.9,
2025-06-07 06:10:00,21.8625,54.516666666666666,0.0,1013.6966666666668,8.658333333333335,17.5,22.520833333333332,26.151666666666664,336.0,6.4,74.0,7,6,7,6,0,2,93.90322580645162,86.26799665855378,30.800000000000004,17.6,
2025-06-07 06:20:00,22.1125,54.18333333333334,0.0,1013.7633333333332,8.491666666666667,27.5,22.604166666666664,26.118333333333332,327.0,6.5,77.0,0,6,7,6,0,2,93.80645161290323,86.40621350443193,23.1,17.6,
2025-06-07 06:30:00,22.3625,53.85,0.0,1013.8300000000002,8.325,37.5,22.6875,26.085,312.0,6.5,76.66666666666667,0,6,7,6,0,2,88.0,86.52292497396598,23.1,17.6,
2025-06-07 06:40:00,22.6125,53.516666666666666,0.0,1013.8966666666668,8.158333333333335,47.5,22.770833333333332,26.051666666666662,314.7352941176471,6.4,76.33333333333333,0,6,7,6,0,2,97.0,86.60162867766968,23.1,17.6,
2025-06-07 12:10:00,34.39333333333333,24.758333333333333,0.0,1013.2791666666666,5.744999999999999,743.9416666666667,36.60416666666667,26.172500000000003,405.0,6.4,68.0,0,6,7,12,1,2,100.0,86.7451471961882,23.1,17.6,
2025-06-07 12:30:00,34.660000000000004,24.425,0.0,1013.1125,5.945,756.275,37.4375,26.2725,476.0,6.5,64.0,0,6,7,12,1,2,99.0,86.96736941841043,23.1,17.6,
2025-06-07 12:40:00,34.79333333333334,24.258333333333333,0.0,1013.0291666666666,6.045,762.4416666666667,37.85416666666667,26.3225,474.42857142857144,6.4,81.0,0,6,7,12,1,2,98.6,87.21042497396598,23.1,17.6,
2025-06-07 12:50:00,34.92666666666666,24.091666666666665,0.0,1012.9458333333332,6.1450000000000005,768.6083333333333,38.27083333333333,26.372499999999995,472.85714285714283,6.5,79.66666666666667,0,6,7,12,1,2,98.2,87.33264719618819,23.1,17.6,
2025-06-09 06:10:00,23.659166666666668,52.75833333333334,0.0,1009.9483333333334,7.452500000000001,17.741666666666667,23.293333333333333,27.651666666666664,264.0,6.4,71.0,6,6,9,6,0,2,95.0,87.4613508998919,23.1,24.200000000000003,
2025-06-09 06:20:00,23.975833333333338,52.59166666666666,0.0,1009.9816666666668,7.902500000000001,27.90833333333333,23.42666666666667,27.618333333333332,332.0,6.4,73.5,0,6,9,6,0,2,94.9,87.62801756655857,16.5,24.200000000000003,
2025-06-09 06:30:00,24.2925,52.425,0.0,1010.015,8.352500000000001,38.075,23.56,27.585,314.0,6.3,76.0,0,6,9,6,0,2,94.8,87.77662867766968,16.5,24.200000000000003,
2025-06-09 06:40:00,24.609166666666667,52.25833333333334,0.0,1010.0483333333334,8.8025,48.24166666666666,23.693333333333335,27.551666666666662,313.43971631205676,6.3,75.7,0,6,9,6,0,2,86.0,87.90718423322524,16.5,24.200000000000003,
2025-06-09 06:50:00,24.925833333333337,52.09166666666666,0.0,1010.0816666666668,9.2525,58.40833333333333,23.826666666666664,27.518333333333334,312.87943262411346,6.2,75.4,0,6,9,6,0,2,96.0,87.97871201100303,16.5,24.200000000000003,
2025-06-10 06:10:00,22.59,74.275,0.0,1012.4241666666668,17.354166666666664,18.225,23.9725,27.651666666666664,293.0,6.2,76.0,0,6,10,6,0,2,100.0,88.12176756655857,16.5,24.200000000000003,
2025-06-10 06:20:00,22.79,73.775,0.0,1012.4408333333332,16.770833333333332,28.725,24.0225,27.618333333333332,351.0,6.2,82.0,0,6,10,6,0,2,99.0,88.28843423322525,16.5,24.200000000000003,
2025-06-10 06:30:00,22.99,73.275,0.0,1012.4575,16.1875,39.225,24.0725,27.585,326.0,6.2,80.5,0,6,10,6,0,2,98.55555555555556,88.40648978878079,16.5,24.200000000000003,
2025-06-10 06:40:00,23.19,72.775,0.0,1012.4741666666666,15.604166666666666,49.725,24.1225,27.551666666666662,326.6470588235294,6.1,79.0,0,6,10,6,0,2,98.11111111111111,88.53187559124993,16.5,24.200000000000003,
2025-06-10 06:50:00,23.39,72.275,0.0,1012.4908333333332,15.020833333333332,60.225,24.1725,27.518333333333334,327.29411764705884,6.1,78.7,0,6,10,6,0,2,86.0,88.66459164063264,16.5,24.200000000000003,
2025-06-10 17:40:00,28.935833333333335,32.74166666666667,0.0,1011.3258333333332,17.216666666666665,339.1083333333333,36.11,28.348333333333336,370.0,6.2,68.0,0,6,10,17,2,2,89.0,88.7152860850771,16.5,24.200000000000003,
2025-06-10 17:50:00,28.719166666666663,32.90833333333333,0.0,1011.3091666666666,16.883333333333333,311.94166666666666,35.91,28.381666666666668,448.0,6.3,74.33333333333333,0,6,10,17,2,2,100.0,88.86111941841042,16.5,24.200000000000003,
2025-06-10 18:00:00,28.472500000000004,33.45,0.0,1011.285,16.467499999999998,285.075,35.67999999999999,28.4075,423.0,6.2,80.66666666666667,0,6,10,18,2,2,97.0,89.03936015915116,16.5,24.200000000000003,
2025-06-10 18:10:00,28.189166666666665,34.45,0.0,1011.2516666666668,15.950833333333332,258.575,35.413333333333334,28.424166666666668,412.0,6.2,87.0,0,6,10,18,2,2,95.0,89.1527860850771,16.5,24.200000000000003,
2025-06-10 18:20:00,27.905833333333337,35.45,0.0,1011.2183333333336,15.434166666666666,232.075,35.14666666666666,28.44083333333333,409.42857142857144,6.2,86.2,0,6,10,18,2,2,93.0,89.20834164063265,16.5,24.200000000000003,
2025-06-10 18:30:00,27.6225,36.45,0.0,1011.185,14.9175,205.575,34.88,28.4575,406.85714285714283,6.2,85.4,0,6,10,18,2,2,88.0,89.25556386285487,16.5,14.3,
2025-06-11 03:30:00,20.085,81.425,0.0,1011.07,11.17,0.0,22.555,27.5425,268.0,6.1,81.0,0,6,11,3,3,2,77.0,89.27361941841042,16.5,6.6000000000000005,
2025-06-11 03:40:00,20.051666666666662,81.25833333333334,0.0,1011.0033333333332,11.103333333333332,0.0,22.455,27.52583333333333,240.0,6.0,64.0,0,6,11,3,3,2,78.0,89.24584164063265,16.5,6.6000000000000005,
2025-06-11 03:50:00,20.018333333333334,81.09166666666667,0.0,1010.9366666666668,11.036666666666669,0.0,22.355,27.509166666666665,241.56666666666666,6.1,64.22857142857143,0,6,11,3,3,2,79.0,89.34306386285488,16.5,6.6000000000000005,
2025-06-11 04:00:00,19.985,80.85,0.0,1010.885,11.0075,0.0,22.2625,27.4775,243.13333333333333,6.1,64.45714285714286,0,6,11,4,3,2,86.0,89.44564322793423,16.5,6.6000000000000005,
2025-06-12 05:50:00,20.43583333333333,71.0,0.0,1010.9816666666668,14.09,3.6333333333333337,20.909166666666664,26.518333333333334,199.0,6.1,74.0,0,6,12,5,0,2,86.0,89.5952464025374,16.5,6.6000000000000005,
2025-06-12 06:00:00,20.665,70.55,0.0,1011.0075,14.11,8.8,20.952499999999997,26.485000000000003,219.0,6.1,79.0,0,6,12,6,0,2,91.0,89.67857973587074,16.5,6.6000000000000005,
2025-06-12 06:10:00,21.031666666666663,69.55,0.0,1011.0241666666668,13.91,19.466666666666665,21.069166666666668,26.451666666666664,270.0,6.2,84.5,0,6,12,6,0,2,100.0,89.76191306920407,16.5,6.6000000000000005,
2025-06-12 06:20:00,21.398333333333333,68.55,0.0,1011.0408333333332,13.71,30.133333333333333,21.18583333333333,26.418333333333333,250.0,6.1,90.0,0,6,12,6,0,2,100.0,89.86955195809296,16.5,6.6000000000000005,
2025-06-12 06:30:00,21.765,67.55,0.0,1011.0575,13.51,40.8,21.3025,26.385,235.0,6.1,89.76470588235294,0,6,12,6,0,2,98.5,89.9389964025374,16.5,0.0,
2025-06-12 06:40:00,22.131666666666668,66.55,0.0,1011.0741666666668,13.31,51.46666666666666,21.419166666666666,26.351666666666667,237.52941176470588,6.1,89.52941176470588,0,6,12,6,0,2,96.0,89.9996581672433,16.5,0.0,
2025-06-12 09:20:00,27.9125,47.36666666666667,0.0,1011.4,15.795833333333334,436.2916666666667,26.66166666666667,26.0,278.0,6.2,85.57142857142857,0,6,12,9,0,2,95.9,90.04459280776616,16.5,0.0,
2025-06-12 09:30:00,28.1625,46.7,0.0,1011.4,15.7125,462.125,27.095,26.0,284.0,6.2,85.14285714285714,0,6,12,9,0,2,93.0,90.11631899824235,16.5,0.0,
2025-06-12 10:20:00,29.208333333333332,43.775,0.0,1011.4408333333332,15.581666666666669,580.2666666666667,29.3025,26.040833333333335,310.0,6.2,83.0,0,6,12,10,0,2,92.9,90.17088249030584,16.5,0.0,
2025-06-12 10:30:00,29.375,43.275,0.0,1011.4575,15.615,601.6,29.7525,26.057499999999997,284.0,6.1,74.0,0,6,12,10,0,2,92.8,90.23963249030584,16.5,0.0,
2025-06-12 10:40:00,29.541666666666668,42.775,0.0,1011.4741666666666,15.648333333333332,622.9333333333333,30.202499999999997,26.074166666666667,283.41379310344826,6.2,74.42105263157895,0,6,12,10,0,2,87.0,90.37018804586141,16.5,0.0,
2025-06-12 10:50:00,29.708333333333332,42.275,0.0,1011.4908333333332,15.681666666666668,644.2666666666667,30.652499999999996,26.090833333333336,282.82758620689657,6.2,74.84210526315789,0,6,12,10,0,2,92.0,90.457541847031,16.5,0.0,
2025-06-13 05:50:00,21.454166666666666,71.36666666666666,0.0,1012.6908333333334,10.726666666666668,2.725,22.3275,26.80916666666667,216.0,6.2,76.0,0,6,13,5,0,2,99.0,90.57669389381462,16.5,0.0,
2025-06-13 06:00:00,21.65,70.4,0.0,1012.7225,10.875000000000002,7.575,22.3525,26.777499999999996,246.0,6.2,81.0,0,6,13,6,0,2,100.0,90.73641611603685,16.5,0.0,
2025-06-13 06:10:00,21.983333333333334,69.06666666666666,0.0,1012.7725,11.041666666666668,17.741666666666667,22.46916666666667,26.7275,318.0,6.2,86.0,0,6,13,6,0,2,100.0,90.86836056048129,16.5,0.0,
2025-06-13 06:20:00,22.316666666666663,67.73333333333333,0.0,1012.8225,11.208333333333334,27.90833333333333,22.585833333333333,26.6775,301.0,6.1,91.0,0,6,13,6,0,2,98.0,90.9655827827035,16.5,0.0,
2025-06-13 06:30:00,22.65,66.4,0.0,1012.8725,11.375000000000002,38.075,22.702499999999997,26.6275,300.56028368794324,6.1,90.70588235294117,0,6,13,6,0,2,97.83333333333333,91.01419389381462,16.5,0.0,
2025-06-13 06:40:00,22.983333333333334,65.06666666666666,0.0,1012.9225,11.541666666666668,48.24166666666666,22.819166666666668,26.577499999999997,300.12056737588654,6.1,90.41176470588235,0,6,13,6,0,2,95.0,91.06369008117845,16.5,0.0,
2025-06-14 05:50:00,22.581666666666667,74.09166666666667,0.0,1013.2816666666664,13.755,2.725,23.5275,27.218333333333337,239.0,6.1,76.0,0,6,14,5,0,2,94.9,91.09555282627649,16.5,0.0,
2025-06-14 06:00:00,22.7425,73.4,0.0,1013.3075,13.49,7.65,23.5375,27.192500000000003,287.0,6.2,83.0,0,6,14,6,0,2,94.8,91.2268028262765,16.5,0.0,
2025-06-14 06:10:00,23.059166666666663,72.06666666666666,0.0,1013.3241666666668,13.023333333333332,17.983333333333334,23.620833333333337,27.175833333333333,335.0,6.1,93.0,0,6,14,6,0,2,86.0,91.30874727072094,16.5,0.0,
2025-06-14 06:20:00,23.375833333333333,70.73333333333333,0.0,1013.3408333333332,12.556666666666668,28.31666666666667,23.704166666666666,27.15916666666667,302.0,6.1,91.0,0,6,14,6,0,2,91.0,91.26013615960983,16.5,0.0,
2025-06-14 06:30:00,23.692500000000003,69.4,0.0,1013.3575,12.09,38.650000000000006,23.7875,27.1425,301.2695035460993,6.0,89.0,0,6,14,6,0,2,98.0,91.26013615960983,16.5,0.0,
2025-06-14 06:40:00,24.009166666666665,68.06666666666666,0.0,1013.3741666666668,11.623333333333331,48.983333333333334,23.870833333333337,27.125833333333333,300.5390070921986,6.1,88.85714285714286,0,6,14,6,0,2,100.0,91.32263615960983,16.5,0.0,
2025-06-15 05:50:00,20.545,74.09166666666667,0.0,1013.2091666666668,9.008333333333333,3.6333333333333337,21.5275,27.2275,199.0,6.0,80.0,0,6,15,5,0,2,100.0,91.40001711199078,16.5,0.0,
2025-06-15 06:00:00,20.78,73.625,0.0,1013.2,9.1525,8.65,21.5525,27.184999999999995,245.0,6.2,86.0,0,6,15,6,0,2,98.0,91.53890600087966,16.5,0.0,
2025-06-15 06:10:00,21.18,72.79166666666666,0.0,1013.2,9.269166666666669,18.983333333333334,21.669166666666666,27.151666666666664,277.0,6.0,96.0,0,6,15,6,0,2,97.8125,91.622239334213,16.5,0.0,
2025-06-15 06:20:00,21.58,71.95833333333334,0.0,1013.2,9.385833333333334,29.31666666666667,21.785833333333336,27.118333333333332,245.0,6.0,93.5,0,6,15,6,0,2,94.8125,91.63482613976856,16.5,0.0,
2025-06-15 06:30:00,21.98,71.125,0.0,1013.2,9.5025,39.650000000000006,21.902499999999996,27.085,244.63636363636363,6.0,91.0,0,6,15,6,0,2,89.0,91.64394072310189,16.5,0.0,
2025-06-15 06:40:00,22.380000000000003,70.29166666666666,0.0,1013.2,9.619166666666668,49.983333333333334,22.019166666666667,27.051666666666662,244.27272727272728,6.0,90.72727272727273,0,6,15,6,0,2,100.0,91.630051834213,16.5,0.0,
2025-06-15 08:20:00,26.31666666666667,57.325,0.0,1013.3816666666664,13.98,272.55833333333334,24.898333333333333,26.859166666666663,251.0,6.1,88.0,0,6,15,8,0,2,100.0,91.69444577360694,16.5,0.0,
2025-06-15 08:30:00,26.65,55.825,0.0,1013.415,14.38,299.725,25.265,26.8425,304.0,6.1,99.0,0,6,15,8,0,2,99.0,91.77777910694027,16.5,0.0,
2025-06-15 08:40:00,26.98333333333333,54.325,0.0,1013.4483333333334,14.78,326.8916666666667,25.631666666666668,26.825833333333332,289.5,6.05,96.33333333333333,0,6,15,8,0,2,98.625,91.77777910694027,16.5,0.0,
2025-06-15 08:50:00,27.31666666666667,52.825,0.0,1013.4816666666668,15.18,354.05833333333334,25.998333333333335,26.80916666666667,275.0,6.0,93.66666666666667,0,6,15,8,0,2,98.25,91.79369345879212,16.5,0.0,
2025-06-15 09:00:00,27.6125,51.325,0.0,1013.5225,15.46,380.7,26.395,26.8,276.25,6.0,91.0,0,6,15,9,0,2,87.0,91.82552216249583,16.5,0.0,
2025-06-15 09:10:00,27.8625,49.825,0.0,1013.5725,15.593333333333334,406.7,26.82833333333333,26.8,277.5,5.9,90.66666666666667,0,6,15,9,0,2,100.0,91.79774438471806,16.5,0.0,
2025-06-15 11:00:00,30.619999999999997,33.55,0.0,1013.885,15.2575,661.825,31.595,26.807499999999997,324.0,6.0,85.0,0,6,15,11,0,2,100.0,91.86255919953287,16.5,0.0,
2025-06-15 11:10:00,30.886666666666667,32.55,0.0,1013.8516666666668,14.940833333333334,676.9916666666667,32.02833333333333,26.824166666666667,295.0,6.0,68.0,0,6,15,11,0,2,99.0,91.96672586619952,16.5,0.0,
2025-06-15 11:20:00,31.153333333333336,31.55,0.0,1013.8183333333334,14.624166666666667,692.1583333333333,32.461666666666666,26.84083333333333,294.4761904761905,6.0,68.65384615384616,0,6,15,11,0,2,98.625,92.18200364397731,16.5,0.0,
2025-06-15 11:30:00,31.42,30.55,0.0,1013.785,14.3075,707.325,32.894999999999996,26.8575,293.95238095238096,5.9,69.3076923076923,0,6,15,11,0,2,98.25,92.39013665679782,16.5,0.0,
2025-06-16 01:10:00,21.2825,65.20833333333334,0.0,1012.7758333333334,2.48,0.0,24.758333333333333,28.151666666666664,251.0,6.0,80.0,0,6,16,1,3,2,96.0,92.59112490466107,16.5,0.0,
2025-06-16 01:20:00,21.1325,66.04166666666666,0.0,1012.7591666666668,2.88,0.0,24.591666666666665,28.118333333333332,223.0,6.0,57.0,0,6,16,1,3,2,95.90625,92.70223601577219,16.5,0.0,
2025-06-16 01:30:00,20.9825,66.875,0.0,1012.7425,3.28,0.0,24.425,28.085,222.5185185185185,6.0,57.888888888888886,0,6,16,1,3,2,95.8125,92.97241830743886,16.5,0.0,
2025-06-16 05:50:00,18.4,99.90833333333332,0.0,1011.8816666666664,3.853333333333333,1.8166666666666669,20.8275,27.2275,210.0,6.0,81.0,0,6,16,5,0,2,87.0,93.23577671793268,16.5,0.0,
2025-06-16 06:00:00,18.5125,99.7,0.0,1011.93,3.715,3.8,20.8525,27.184999999999995,245.0,6.0,86.0,0,6,16,6,0,2,100.0,93.27744338459935,16.5,0.0,
2025-06-16 06:10:00,18.7625,99.03333333333332,0.0,1011.9966666666668,3.0816666666666666,7.8,20.96916666666667,27.151666666666664,309.0,5.8,96.0,0,6,16,6,0,2,100.0,93.37466560682157,16.5,0.0,
2025-06-16 06:20:00,19.0125,98.36666666666666,0.0,1012.0633333333332,2.4483333333333333,11.8,21.085833333333333,27.118333333333332,287.0,5.8,93.0,0,6,16,6,0,2,100.0,93.40244338459935,16.5,0.0,
2025-06-16 06:30:00,19.2625,97.7,0.0,1012.13,1.815,15.8,21.202499999999997,27.085,267.0,5.8,92.66666666666667,0,6,16,6,0,2,98.66666666666667,93.45105449571047,16.5,0.0,
2025-06-16 06:40:00,19.5125,97.03333333333332,0.0,1012.1966666666664,1.181666666666667,19.8,21.319166666666668,27.051666666666662,268.125,5.8,92.33333333333333,0,6,16,6,0,2,97.33333333333333,93.49272116237711,16.5,0.0,
2025-06-17 07:10:00,23.431666666666665,67.58333333333334,0.0,1012.8,4.8533333333333335,46.44166666666667,24.765833333333333,28.151666666666664,251.0,5.9,81.0,0,6,17,7,0,2,96.0,93.52744338459935,16.5,0.0,
2025-06-17 07:30:00,24.165,64.25,0.0,1012.8,6.720000000000001,78.775,25.1325,28.085,311.0,6.0,91.0,10,6,17,7,0,2,93.5,93.63161005126602,16.5,11.0,
2025-06-17 07:40:00,24.531666666666663,62.583333333333336,0.0,1012.8,7.653333333333333,94.94166666666668,25.315833333333337,28.051666666666662,327.0,5.9,97.0,5,6,17,7,0,2,87.0,93.64897116237712,5.5,16.5,
2025-06-17 07:50:00,24.898333333333333,60.916666666666664,0.0,1012.8,8.586666666666666,111.10833333333332,25.499166666666667,28.018333333333334,298.0,5.9,95.5,0,6,17,7,0,2,100.0,93.57952671793268,0.0,16.5,
2025-06-17 08:00:00,25.250000000000004,59.4,0.0,1012.8,9.175,131.475,25.7425,28.0,298.2422360248447,5.9,94.0,0,6,17,8,0,2,100.0,93.61077671793268,0.0,16.5,
2025-06-18 12:00:00,30.777499999999996,47.15,0.0225,1014.4,6.977500000000001,367.725,34.927499999999995,28.807499999999997,362.0,6.0,82.0,0,6,18,12,1,2,100.0,93.65244338459935,0.0,16.5,
2025-06-18 12:20:00,30.6775,47.81666666666667,0.1225,1014.4,6.8775,442.0583333333333,35.494166666666665,28.84083333333333,408.0,6.2,91.0,0,6,18,12,1,2,99.42857142857143,93.77744338459935,0.0,16.5,
2025-06-18 12:30:00,30.6275,48.15,0.1725,1014.4,6.827500000000001,479.225,35.777499999999996,28.8575,407.3863636363636,6.1,90.5,0,6,18,12,1,2,98.85714285714286,93.8359751306311,0.0,16.5,
2025-06-18 12:40:00,30.577499999999997,48.483333333333334,0.2225,1014.4,6.777500000000001,516.3916666666667,36.060833333333335,28.874166666666667,406.77272727272725,6.0,90.0,0,6,18,12,1,2,87.0,93.8940108449168,0.0,16.5,
2025-06-20 06:00:00,21.55,76.175,0.0,1012.415,9.1175,7.5,22.645000000000003,27.785000000000004,258.0,6.1,86.0,0,6,20,6,0,2,99.0,93.87317751158348,0.0,16.5,
2025-06-20 06:10:00,21.883333333333333,74.34166666666667,0.0,1012.4483333333334,8.934166666666666,17.5,22.745,27.751666666666665,297.0,6.2,97.0,0,6,20,6,0,2,100.0,93.96345528936125,0.0,16.5,
2025-06-20 06:20:00,22.216666666666665,72.50833333333334,0.0,1012.4816666666668,8.750833333333333,27.5,22.845,27.718333333333337,265.0,5.9,94.5,0,6,20,6,0,2,100.0,93.98428862269458,0.0,16.5,
2025-06-20 06:30:00,22.55,70.675,0.0,1012.515,8.567499999999999,37.5,22.945,27.685,266.55555555555554,5.9,92.0,0,6,20,6,0,2,99.2,94.02248306713904,0.0,16.5,
2025-06-20 06:40:00,22.883333333333333,68.84166666666667,0.0,1012.5483333333334,8.384166666666667,47.5,23.045,27.651666666666664,268.1111111111111,6.0,91.84210526315789,0,6,20,6,0,2,98.4,94.07248306713903,0.0,16.5,
2025-06-20 09:40:00,29.089999999999996,46.775,0.0,1012.7741666666668,16.65416666666667,474.2166666666667,28.880000000000003,27.4,302.0,6.0,89.0,0,6,20,9,0,2,86.0,94.11802400281154,0.0,16.5,
2025-06-20 09:50:00,29.29,46.275,0.0,1012.7908333333332,17.070833333333333,499.8833333333334,29.28,27.4,306.5,5.9,78.0,0,6,20,9,0,2,99.0,94.09719066947821,0.0,16.5,
2025-06-20 10:00:00,29.49,45.55,0.0,1012.7775,17.1875,523.6,29.68,27.4075,311.0,5.9,78.33333333333333,0,6,20,10,0,2,100.0,94.24302400281154,0.0,16.5,
2025-06-20 10:10:00,29.69,44.55,0.0,1012.7275,16.9375,544.9333333333333,30.08,27.424166666666668,311.105,6.0,78.66666666666667,0,6,20,10,0,2,99.0,94.3934869657745,0.0,16.5,
2025-06-21 19:20:00,26.4875,43.49166666666667,0.0,1012.6408333333331,17.059166666666666,107.18333333333332,33.024166666666666,29.0,332.0,6.2,79.0,0,6,21,19,2,2,98.72727272727273,94.53469066947821,0.0,16.5,
2025-06-21 19:30:00,26.2375,45.325,0.0,1012.6575,17.0425,86.85,32.707499999999996,29.0,296.0,6.1,64.0,0,6,21,19,2,2,98.45454545454545,94.67168561897317,0.0,16.5,
2025-06-21 19:40:00,25.9875,47.15833333333333,0.0,1012.6741666666668,17.02583333333333,66.51666666666668,32.39083333333333,29.0,294.6984126984127,6.2,64.25396825396825,0,6,21,19,2,2,90.0,94.91095329574084,0.0,16.5,
2025-06-21 19:50:00,25.7375,48.99166666666666,0.0,1012.6908333333334,17.009166666666665,46.18333333333334,32.07416666666666,29.0,293.3968253968254,6.2,64.5079365079365,0,6,21,19,2,2,91.0,95.08974518286605,0.0,16.5,
2025-06-22 06:00:00,21.6275,74.55,0.0,1014.0075,14.91,8.575,22.4375,27.585,214.0,6.1,80.0,0,6,22,6,0,2,100.0,95.27371784600538,0.0,16.5,
2025-06-22 06:10:00,21.910833333333333,73.55,0.0,1014.0241666666668,14.71,18.741666666666667,22.520833333333332,27.551666666666662,241.0,6.2,83.0,0,6,22,6,0,2,100.0,95.41260673489427,0.0,16.5,
2025-06-22 06:20:00,22.194166666666668,72.55,0.0,1014.0408333333332,14.51,28.90833333333333,22.604166666666664,27.518333333333334,268.0,5.9,86.0,0,6,22,6,0,2,100.0,95.53066229044983,0.0,16.5,
2025-06-22 06:40:00,22.76083333333333,70.55,0.0,1014.0741666666668,14.11,49.24166666666666,22.770833333333332,27.451666666666664,269.4117647058824,5.9,92.0,0,6,22,6,0,2,99.72727272727273,95.62788451267205,0.0,5.5,
2025-06-23 06:00:00,18.7725,85.025,0.0,1014.6225,8.2075,8.875,20.545,27.3775,195.0,6.1,85.0,0,6,23,6,0,2,99.45454545454545,95.68154612883367,0.0,0.0,
2025-06-23 06:10:00,19.155833333333337,82.85833333333333,0.0,1014.6725,8.224166666666665,19.708333333333332,20.645000000000003,27.327499999999997,214.5,6.0,98.0,0,6,23,6,0,2,91.0,95.78192491671246,0.0,0.0,
2025-06-23 06:20:00,19.539166666666667,80.69166666666666,0.0,1014.7225,8.240833333333333,30.541666666666664,20.744999999999997,27.277499999999996,234.0,5.8,100.0,0,6,23,6,0,2,90.0,95.73331380560134,0.0,0.0,
2025-06-23 06:30:00,19.9225,78.525,0.0,1014.7725,8.2575,41.375,20.845,27.2275,208.0,5.9,96.0,0,6,23,6,0,2,97.0,95.6638693611569,9.9,0.0,
2025-06-23 06:40:00,20.305833333333332,76.35833333333333,0.0,1014.8225,8.274166666666668,52.20833333333333,20.945,27.1775,208.77777777777777,5.9,95.7,0,6,23,6,0,2,100.0,95.67081380560134,17.6,0.0,
2025-06-23 06:50:00,20.689166666666665,74.19166666666666,0.0,1014.8725,8.290833333333333,63.041666666666664,21.045,27.127500000000005,209.55555555555554,6.0,95.4,0,6,23,6,0,2,100.0,95.70067491671244,17.6,0.0,
2025-06-23 08:10:00,24.40416666666667,55.891666666666666,0.0,1014.9483333333334,8.224166666666665,255.84166666666664,23.504166666666663,26.975833333333338,221.0,6.0,93.0,0,6,23,8,0,2,100.0,95.73261936115689,17.6,0.0,
2025-06-23 08:20:00,24.820833333333333,53.05833333333334,0.0,1014.9816666666668,8.240833333333333,284.0083333333333,23.92083333333333,26.959166666666665,249.0,6.1,98.0,0,6,23,8,0,2,99.72727272727273,95.781230472268,17.6,0.0,
2025-06-23 08:30:00,25.2375,50.225,0.0,1015.015,8.2575,312.175,24.3375,26.942500000000003,282.0,6.1,100.0,0,6,23,8,0,2,91.0,95.79322542176297,17.6,0.0,
2025-06-23 08:40:00,25.65416666666667,47.391666666666666,0.0,1015.0483333333334,8.274166666666668,340.34166666666664,24.754166666666663,26.925833333333333,266.0,6.1,100.0,0,6,23,8,0,2,77.0,95.73072542176297,17.6,0.0,
2025-06-23 08:50:00,26.070833333333333,44.55833333333333,0.0,1015.0816666666668,8.290833333333333,368.5083333333333,25.17083333333333,26.909166666666664,261.0,6.2,95.0,0,6,23,8,0,2,92.0,95.57100319954074,17.6,0.0,
2025-06-23 09:00:00,26.4575,42.1,0.0,1015.0925,8.315000000000001,396.075,25.6175,26.8925,256.0,6.2,94.75,0,6,23,9,0,2,99.0,95.55016986620741,17.6,0.0,
2025-06-23 09:10:00,26.807499999999997,40.1,0.0,1015.0758333333332,8.348333333333333,422.9083333333333,26.100833333333338,26.875833333333333,251.0,6.2,94.5,0,6,23,9,0,2,100.0,95.5796837550963,17.6,0.0,
2025-06-24 06:00:00,16.855,87.575,0.0,1011.915,4.9325,7.2,20.6375,27.4775,194.0,6.3,86.0,0,6,24,6,0,2,100.0,95.61787819954074,17.6,0.0,
2025-06-24 06:10:00,17.421666666666667,84.40833333333333,0.0,1011.9483333333334,4.7825,16.533333333333335,20.720833333333335,27.4275,212.5,6.1,100.0,0,6,24,6,0,2,100.0,95.71510042176297,17.6,0.0,
2025-06-24 06:20:00,17.988333333333333,81.24166666666666,0.0,1011.9816666666668,4.632499999999999,25.866666666666667,20.804166666666667,27.3775,231.0,6.0,100.0,0,6,24,6,0,2,97.0,95.71510042176297,17.6,0.0,
2025-06-24 06:30:00,18.555,78.075,0.0,1012.015,4.4825,35.2,20.8875,27.327499999999997,229.54545454545453,6.0,98.0,0,6,24,6,0,2,96.84210526315789,95.69426708842963,17.6,0.0,
2025-06-24 06:40:00,19.121666666666663,74.90833333333333,0.0,1012.0483333333334,4.3325,44.53333333333334,20.970833333333335,27.277499999999996,228.0909090909091,6.0,97.6,0,6,24,6,0,2,96.6842105263158,95.68622615275711,17.6,0.0,
2025-06-24 08:10:00,26.4975,38.58333333333333,0.0,1012.2,2.9658333333333333,241.98333333333335,23.925,27.0,215.0,6.2,94.0,0,6,24,8,0,2,90.0,95.6798665036343,17.6,0.0,
2025-06-24 08:20:00,27.047500000000003,36.91666666666667,0.0,1012.2,3.149166666666667,272.31666666666666,24.425,27.0,248.0,6.2,97.0,0,6,24,8,0,2,91.0,95.65208872585653,17.6,0.0,
2025-06-24 08:30:00,27.597500000000004,35.25,0.0,1012.2,3.3325000000000005,302.65,24.925,27.0,285.0,6.2,100.0,0,6,24,8,0,2,98.5,95.61042205918986,17.6,0.0,
2025-06-24 08:40:00,28.1475,33.58333333333333,0.0,1012.2,3.515833333333333,332.9833333333333,25.425,27.0,267.0,6.2,100.0,0,6,24,8,0,2,100.0,95.6000053925232,17.6,0.0,
2025-06-24 08:50:00,28.6975,31.916666666666668,0.0,1012.2,3.6991666666666663,363.31666666666666,25.925,27.0,264.0,6.2,97.0,0,6,24,8,0,2,100.0,95.6000053925232,17.6,0.0,
2025-06-24 09:00:00,29.1875,30.25,0.0,1012.2,3.9275,392.15,26.455,27.0,261.0,6.1,96.4,0,6,24,9,0,2,100.0,95.62083872585653,17.6,0.0,
2025-06-24 09:40:00,30.854166666666668,23.583333333333336,0.0,1012.2,5.060833333333333,500.15,28.72166666666667,27.0,270.0,6.2,94.0,0,6,24,9,0,2,100.0,95.64583872585654,17.6,0.0,
2025-06-24 09:50:00,31.270833333333332,21.916666666666664,0.0,1012.2,5.344166666666667,527.15,29.288333333333338,27.0,276.0,6.3,93.8695652173913,0,6,24,9,0,2,98.0,95.68750539252319,17.6,0.0,
2025-06-24 10:00:00,31.6125,20.775,0.0,1012.1925,5.6875,552.05,29.840000000000003,27.0,282.0,6.3,93.73913043478261,0,6,24,10,0,2,97.78571428571429,95.71618896740242,17.6,0.0,
2025-06-25 06:00:00,20.78,57.25,0.0,1011.13,3.61,8.8,21.660000000000004,28.0925,196.0,6.3,88.0,0,6,25,6,0,2,97.57142857142857,95.744290244145,17.6,0.0,
2025-06-25 06:10:00,21.18,55.583333333333336,0.0,1011.1966666666668,4.076666666666666,19.466666666666665,21.793333333333333,28.075833333333332,237.0,6.1,99.0,0,6,25,6,0,2,95.0,95.81075849811326,17.6,0.0,
2025-06-25 06:20:00,21.58,53.916666666666664,0.0,1011.2633333333332,4.543333333333333,30.133333333333333,21.92666666666667,28.05916666666667,249.0,5.9,100.0,0,6,25,6,0,2,94.92105263157895,95.78298072033549,17.6,0.0,
2025-06-25 06:30:00,21.98,52.25,0.0,1011.3300000000002,5.01,40.8,22.06,28.0425,217.0,5.9,98.0,0,6,25,6,0,2,86.0,95.74771025249922,17.6,0.0,
2025-06-25 06:40:00,22.380000000000003,50.58333333333333,0.0,1011.3966666666668,5.476666666666667,51.46666666666666,22.193333333333335,28.02583333333333,218.2,6.0,97.66666666666667,0,6,25,6,0,2,68.0,95.66437691916589,17.6,0.0,
2025-06-25 06:50:00,22.78,48.91666666666667,0.0,1011.4633333333334,5.943333333333333,62.13333333333334,22.326666666666664,28.009166666666665,219.4,5.8,97.33333333333333,0,6,25,6,0,2,77.0,95.45835840064737,17.6,0.0,
2025-06-25 08:10:00,27.800833333333333,32.79166666666667,0.0,1011.8241666666668,5.5525,251.35833333333335,25.076666666666664,27.751666666666665,229.0,6.2,92.0,0,6,25,8,0,2,77.28571428571429,95.31715469694366,17.6,0.0,
